Estimate	Std. Error	z value	Pr(>|z|)	variable	feature	primary	negative_log10_pvalue	hmatch1	type	form
2.3510223949824556	0.2864929855566365	8.206212764387855	1.123919477875952e-15	HLA	TRBV28*01+CASSLRTDHYEQYF+22+(S[RLMF][RK][ST][ND].YEQ)	1	14.949264802260572	A\*01	MOTIF	cbind(MOTIF, M - MOTIF) ~ AGE+SEX+DAYS+HLA
2.3583306073086128	0.3149047727778701	7.489027830556731	2.1336644441235477e-13	HLA	TRBV28*01+CASSLRSDSYEQYF+10+(SL[RK][ST][ND]SYEQ)	1	12.670873879908834	A\*01	MOTIF	cbind(MOTIF, M - MOTIF) ~ AGE+SEX+DAYS+HLA
2.1314360488758277	0.28931056337013467	7.367294246179794	5.000727879260219e-13	HLA	TRBV5-5*01+CASSPGQGAFTDTQYF+22+(S.G[QE]G[AS]F[ST]DTQ)	1	12.30096677747615	A\*01	MOTIF	cbind(MOTIF, M - MOTIF) ~ AGE+SEX+DAYS+HLA
2.005634814883215	0.28018253771163476	7.1583148302676305	2.1009826892393905e-12	HLA	TRBV28*01+CASSLKTDSYEQYF+16+(S[RLMF][RGKS][ST][ND][ANQS]YEQ)	1	11.677577525889516	A\*01	MOTIF	cbind(MOTIF, M - MOTIF) ~ AGE+SEX+DAYS+HLA
1.7210847767540107	0.2431256422657209	7.078993234588453	3.5905569703111767e-12	HLA	TRBV28*01+CASSEKTDTYEQYF+28+(S.[RK]TD[AQLST]YEQ)	1	11.44483817805936	A\*01	MOTIF	cbind(MOTIF, M - MOTIF) ~ AGE+SEX+DAYS+HLA
1.716501230497788	0.24414022797440077	7.03080047372517	4.960397214715963e-12	HLA	TRBV28*01+CASSRRTDNYEQYF+22+(S.[RKPS]TD[NDHLS]YEQ)	1	11.304483545031555	A\*01	MOTIF	cbind(MOTIF, M - MOTIF) ~ AGE+SEX+DAYS+HLA
1.4381922040114767	0.2070484865475138	6.946161394333294	8.711427957247674e-12	HLA	TRBV28*01+CASSRRTDSYEQYF+22+([NS].[RGKPS][ST][ND][ANLST]YEQ)	1	11.059910650603912	A\*01	MOTIF	cbind(MOTIF, M - MOTIF) ~ AGE+SEX+DAYS+HLA
2.2216041210611106	0.32138911414039784	6.912505817140433	1.0880682065213199e-11	HLA	TRBV28*01+CASGIKTDSYEQYF+28+([GS].[ARQK][ST][ND][AS]YEQ)	1	10.96334387964943	A\*01	MOTIF	cbind(MOTIF, M - MOTIF) ~ AGE+SEX+DAYS+HLA
2.341921946903698	0.34161038181024944	6.855535052809196	1.5820859240365824e-11	HLA	TRBV28*01+CASSFKTDSYEQYF+16+([NS][RLFWY][RK][ST]D[ST]YEQ)	1	10.800769933403705	A\*01	MOTIF	cbind(MOTIF, M - MOTIF) ~ AGE+SEX+DAYS+HLA
2.071857319232537	0.30264076973128073	6.845929320997201	1.6847321988779748e-11	HLA	TRBV28*01+CASSLKTNSYEQYF+16+(SL[RK][ST][ND]SYEQ)	1	10.773469123749797	A\*01	MOTIF	cbind(MOTIF, M - MOTIF) ~ AGE+SEX+DAYS+HLA
2.2049297249950977	0.329105748239556	6.699760599107281	4.3452442742043194e-11	HLA	TRBV28*01+CASSFKTDTYEQYF+22+(S.[RK][ST]D[QST]YEQ)	1	10.36198580403533	A\*01	MOTIF	cbind(MOTIF, M - MOTIF) ~ AGE+SEX+DAYS+HLA
2.266349477674811	0.34255481079981354	6.616019995116194	7.419966096180697e-11	HLA	TRBV28*01+CASSLKTDAYEQYF+20+(SL[RK][ST][ND].YEQ)	1	10.12959807912465	A\*01	MOTIF	cbind(MOTIF, M - MOTIF) ~ AGE+SEX+DAYS+HLA
2.2629042385894924	0.34258785564829974	6.605325323944311	7.941526525331214e-11	HLA	TRBV28*01+CASSLKTDQYEQYF+20+(S[LF][RK]TD.YEQ)	1	10.1000960091842	A\*01	MOTIF	cbind(MOTIF, M - MOTIF) ~ AGE+SEX+DAYS+HLA
1.4886952442770895	0.22602299644675772	6.586476896954902	8.949551240649641e-11	HLA	TRBV28*01+CASSRKTDSYEQYF+22+(S.[RGKPS][ST][ND][ANLST]YEQ)	1	10.048198741063505	A\*01	MOTIF	cbind(MOTIF, M - MOTIF) ~ AGE+SEX+DAYS+HLA
2.388380166743595	0.3775118417880613	6.326636418691349	4.513325022451914e-10	HLA	TRBV28*01+CASSFRSDHYEQYF+22+(S[LF][RK][ST][ND][AQHST]YEQ)	1	9.345503390083962	A\*01	MOTIF	cbind(MOTIF, M - MOTIF) ~ AGE+SEX+DAYS+HLA
2.0703962588057054	0.33755052515718614	6.133589209620071	1.4489320181091369e-9	HLA	TRBV4-2*01+CASSQEGGRAYEQYF+16+(SQEG[GS][RV][AGS]YEQ)	1	8.838951990548615	A\*01	MOTIF	cbind(MOTIF, M - MOTIF) ~ AGE+SEX+DAYS+HLA
1.9544954228994815	0.3474615514822659	5.625069635939956	2.6986027295043194e-8	HLA	TRBV28*01+CASSFRSNSYEQYF+20+(S[LF][RKS][QST][ND][AS]YEQ)	1	7.5688610447072895	A\*01	MOTIF	cbind(MOTIF, M - MOTIF) ~ AGE+SEX+DAYS+HLA
2.348342748967326	0.4212530689499069	5.574660274455065	3.5637926289209865e-8	HLA	TRBV4-2*01+CASSQEKSRGYEQYF+26+(SQE[AGKF][GS]R[AG]YEQ)	1	7.448087574762967	A\*01	MOTIF	cbind(MOTIF, M - MOTIF) ~ AGE+SEX+DAYS+HLA
1.784839817411856	0.32116420856886824	5.557405743825677	3.91775690334515e-8	HLA	TRBV28*01+CASSVATDSYEQYF+22+(S[RLMV][ARGKS]TDSYEQ)	1	7.406962515460012	A\*01	MOTIF	cbind(MOTIF, M - MOTIF) ~ AGE+SEX+DAYS+HLA
1.8699357846220848	0.3590468112027279	5.20805568042287	2.5238201410746893e-7	HLA	TRBV28*01+CASSLKSNSYEQYF+16+(SL[RNKS][ST][ND]SYEQ)	1	6.597941598129178	A\*01	MOTIF	cbind(MOTIF, M - MOTIF) ~ AGE+SEX+DAYS+HLA
3.4249228390157214	0.6907004214862924	4.958622772584615	8.952105630060394e-7	HLA	TRBV28*01+CASSRSTDSYEQYF+20+(S[RL][RKPS]TDSYEQ)	1	6.048074802006773	A\*01	MOTIF	cbind(MOTIF, M - MOTIF) ~ AGE+SEX+DAYS+HLA
2.391456702380464	0.4892109087102632	4.88839610851117	1.2662870154191848e-6	HLA	TRBV28*01+CASSLKSDSYEQYF+10+(SL[RK][ST][ND]SYEQ)	1	5.897467846384012	A\*01	MOTIF	cbind(MOTIF, M - MOTIF) ~ AGE+SEX+DAYS+HLA
1.7371071574537484	0.4405909436974597	3.9426755867378125	8.882417536280582e-5	HLA	TRBV28*01+CASSFKSDSYEQYF+16+(S[LF][RK][ST][ND][AS]YEQ)	1	4.051468815778352	A\*01	MOTIF	cbind(MOTIF, M - MOTIF) ~ AGE+SEX+DAYS+HLA
2.8574127831849854	0.7365382683653768	3.8795170677642234	1.1471747232580699e-4	HLA	TRBV28*01+CASSLRSDEYTIYF+36+(SLRSD[ES]Y[ET][QI])	1	3.9403704307753675	A\*01	MOTIF	cbind(MOTIF, M - MOTIF) ~ AGE+SEX+DAYS+HLA
1.747855903762437	0.4548042331421276	3.843095064632407	1.3273923596896422e-4	HLA	TRBV28*01+CASSLSSNSYEQYF+20+(S[LF][RNKS][ST][ND]SYEQ)	1	3.87700068643345	A\*01	MOTIF	cbind(MOTIF, M - MOTIF) ~ AGE+SEX+DAYS+HLA
-0.03309342150085754	0.008907323409711078	-3.7153048091616308	2.1942983929925362e-4	AGE	TRBV28*01+CASSVATDSYEQYF+22+(S[RLMV][ARGKS]TDSYEQ)	1	3.6587043149479617	A\*01	MOTIF	cbind(MOTIF, M - MOTIF) ~ AGE+SEX+DAYS+HLA
2.7462934727879174	0.7391999972834415	3.715223867533198	2.1949870253613855e-4	HLA	TRBV28*01+CASSRSSNAYEQYF+22+(S[RLF][DST]SN[AS]YEQ)	1	3.658568042542866	A\*01	MOTIF	cbind(MOTIF, M - MOTIF) ~ AGE+SEX+DAYS+HLA
-0.02494452802522028	0.006748412910697255	-3.6963547363379963	2.3611894929579896e-4	AGE	TRBV19*01+CASSTGAYEQYF+10+(STGAYEQ)	1	3.626869158010778	A\*01	MOTIF	cbind(MOTIF, M - MOTIF) ~ AGE+SEX+DAYS+HLA
1.3357875574007134	0.39632348139768875	3.370447677462553	7.923880834580805e-4	HLA	TRBV19*01+CASSILLAGGPGDTQYF+34+(S[ILMTV][ILT]L[AS]GGP[EGST][ND][EIT]Q)	1	3.101062064339086	A\*01	MOTIF	cbind(MOTIF, M - MOTIF) ~ AGE+SEX+DAYS+HLA
1.1870618641962252	0.3864307396101292	3.071861895339523	0.002211188114514323	SEXMale	TRBV5-5*01+CASSPGQGAFTDTQYF+22+(S.G[QE]G[AS]F[ST]DTQ)	1	2.6553743087011186	A\*01	MOTIF	cbind(MOTIF, M - MOTIF) ~ AGE+SEX+DAYS+HLA
-0.029254674737688415	0.009688144070691245	-3.0196366325920154	0.00262445245710332	AGE	TRBV28*01+CASGIKTDSYEQYF+28+([GS].[ARQK][ST][ND][AS]YEQ)	1	2.5809612902247414	A\*01	MOTIF	cbind(MOTIF, M - MOTIF) ~ AGE+SEX+DAYS+HLA
1.8841689566519007	0.63167627587229	2.982807853674775	0.00295719809772171	HLA	TRBV4-2*01+CASSQEGGRQGSYEQYF+28+(SQEGGR[AQ]?[G]?SYEQ)	1	2.5291195818432577	A\*01	MOTIF	cbind(MOTIF, M - MOTIF) ~ AGE+SEX+DAYS+HLA
1.1525016644326067	0.3880234161626346	2.970185861024304	0.0030798324467818665	DAYS	TRBV28*01+CASSLRTDHYEQYF+22+(S[RLMF][RK][ST][ND].YEQ)	1	2.5114729099337834	A\*01	MOTIF	cbind(MOTIF, M - MOTIF) ~ AGE+SEX+DAYS+HLA
-0.016696510436489054	0.005981301942699854	-2.791450857428633	0.005392778173335354	AGE	TRBV28*01+CASSRKTDSYEQYF+22+(S.[RGKPS][ST][ND][ANLST]YEQ)	1	2.2681874436239005	A\*01	MOTIF	cbind(MOTIF, M - MOTIF) ~ AGE+SEX+DAYS+HLA
-0.01456261966741683	0.005318111989252144	-2.7383063193945056	0.006335396586797083	AGE	TRBV28*01+CASSRRTDSYEQYF+22+([NS].[RGKPS][ST][ND][ANLST]YEQ)	1	2.1982261937139875	A\*01	MOTIF	cbind(MOTIF, M - MOTIF) ~ AGE+SEX+DAYS+HLA
1.4436988321026805	0.5294624491325075	2.726725633646153	0.006559558535107724	HLA	TRBV19*01+CASSMVEGTSKLFF+36+(S[RIM]VEGT[GS][EKP]L)	1	2.1831253880966255	A\*01	MOTIF	cbind(MOTIF, M - MOTIF) ~ AGE+SEX+DAYS+HLA
-0.02380145838788293	0.008823312112216597	-2.697565050988944	0.007155998311511862	AGE	TRBV5-5*01+CASSPGQGAFTDTQYF+22+(S.G[QE]G[AS]F[ST]DTQ)	1	2.1453297705782766	A\*01	MOTIF	cbind(MOTIF, M - MOTIF) ~ AGE+SEX+DAYS+HLA
-0.03027858074111733	0.011263511766904563	-2.68820074659881	0.00735763177207385	AGE	TRBV28*01+CASSFRSDHYEQYF+22+(S[LF][RK][ST][ND][AQHST]YEQ)	1	2.1332619511281714	A\*01	MOTIF	cbind(MOTIF, M - MOTIF) ~ AGE+SEX+DAYS+HLA
-0.02192537410635299	0.00822701687643831	-2.6650454758572293	0.007878316971295941	AGE	TRBV28*01+CASSLKTDSYEQYF+16+(S[RLMF][RGKS][ST][ND][ANQS]YEQ)	1	2.1035665500417955	A\*01	MOTIF	cbind(MOTIF, M - MOTIF) ~ AGE+SEX+DAYS+HLA
-0.027371134226165307	0.01039598448155201	-2.632856395152976	0.008657082620811095	AGE	TRBV28*01+CASSLKTDAYEQYF+20+(SL[RK][ST][ND].YEQ)	1	2.0626284376760653	A\*01	MOTIF	cbind(MOTIF, M - MOTIF) ~ AGE+SEX+DAYS+HLA
-0.027383744272101433	0.010403280887112074	-2.6322219470230124	0.008673101920793094	AGE	TRBV28*01+CASSLKTDQYEQYF+20+(S[LF][RK]TD.YEQ)	1	2.0618255500263807	A\*01	MOTIF	cbind(MOTIF, M - MOTIF) ~ AGE+SEX+DAYS+HLA
-0.017594822523459865	0.0068771106711511525	-2.558461447664137	0.010726628044386611	AGE	TRBV28*01+CASSRRTDNYEQYF+22+(S.[RKPS]TD[NDHLS]YEQ)	1	1.9695367786738647	A\*01	MOTIF	cbind(MOTIF, M - MOTIF) ~ AGE+SEX+DAYS+HLA
0.8481208041824747	0.3396364855064911	2.49714279936001	0.012752485186614242	DAYS	TRBV28*01+CASSLKTDSYEQYF+16+(S[RLMF][RGKS][ST][ND][ANQS]YEQ)	1	1.8944051722763229	A\*01	MOTIF	cbind(MOTIF, M - MOTIF) ~ AGE+SEX+DAYS+HLA
-0.0168155111694169	0.006795274640335946	-2.474588895878029	0.013578964658173468	AGE	TRBV28*01+CASSEKTDTYEQYF+28+(S.[RK]TD[AQLST]YEQ)	1	1.8671333420130622	A\*01	MOTIF	cbind(MOTIF, M - MOTIF) ~ AGE+SEX+DAYS+HLA
-0.030874742653395612	0.012767916696058437	-2.418150383368878	0.015858330821868986	AGE	TRBV4-2*01+CASSQEKSRGYEQYF+26+(SQE[AGKF][GS]R[AG]YEQ)	1	1.799742526539282	A\*01	MOTIF	cbind(MOTIF, M - MOTIF) ~ AGE+SEX+DAYS+HLA
0.5468682030222037	0.22624845451688733	2.41711354090768	0.015903185277628372	HLA	TRBV7-8*01+CASTLLGNQPQHF+22+([ST][LFY][ADILV]GNQPQ)	1	1.7985158813429825	A\*01	MOTIF	cbind(MOTIF, M - MOTIF) ~ AGE+SEX+DAYS+HLA
-0.023706563001282523	0.009847321986250135	-2.407412191292629	0.016328318332116273	AGE	TRBV28*01+CASSFKTDTYEQYF+22+(S.[RK][ST]D[QST]YEQ)	1	1.7870585413313134	A\*01	MOTIF	cbind(MOTIF, M - MOTIF) ~ AGE+SEX+DAYS+HLA
-0.02358882179109076	0.010022907432517898	-2.353490935630133	0.018878480176497684	AGE	TRBV4-2*01+CASSQEGGRAYEQYF+16+(SQEG[GS][RV][AGS]YEQ)	1	1.724032971771462	A\*01	MOTIF	cbind(MOTIF, M - MOTIF) ~ AGE+SEX+DAYS+HLA
-0.019613745712817047	0.008844255175094105	-2.2176820234733166	0.026902452744450515	AGE	TRBV28*01+CASSLRTDHYEQYF+22+(S[RLMF][RK][ST][ND].YEQ)	1	1.57020812279238	A\*01	MOTIF	cbind(MOTIF, M - MOTIF) ~ AGE+SEX+DAYS+HLA
-0.02288466079351956	0.010396094316805892	-2.201274834196644	0.02804789909542621	AGE	TRBV28*01+CASSFKTDSYEQYF+16+([NS][RLFWY][RK][ST]D[ST]YEQ)	1	1.5520996636568127	A\*01	MOTIF	cbind(MOTIF, M - MOTIF) ~ AGE+SEX+DAYS+HLA
-0.02937473221485028	0.013383583165245148	-2.1948331662877383	0.02850900032390233	AGE	TRBV19*01+CASSMVEGTSKLFF+36+(S[RIM]VEGT[GS][EKP]L)	1	1.5450180110814442	A\*01	MOTIF	cbind(MOTIF, M - MOTIF) ~ AGE+SEX+DAYS+HLA
-0.019551486666192035	0.009180640843246992	-2.1296429083786164	0.03355544706200747	AGE	TRBV28*01+CASSLKTNSYEQYF+16+(SL[RK][ST][ND]SYEQ)	1	1.4742369706677003	A\*01	MOTIF	cbind(MOTIF, M - MOTIF) ~ AGE+SEX+DAYS+HLA
-0.020846941382546665	0.009793589144980961	-2.128631401004845	0.03363942724666617	AGE	TRBV28*01+CASSLRSDSYEQYF+10+(SL[RK][ST][ND]SYEQ)	1	1.4731514072180596	A\*01	MOTIF	cbind(MOTIF, M - MOTIF) ~ AGE+SEX+DAYS+HLA
1.2826624157065805	0.6107173413893836	2.100255435335306	0.036069840209585396	HLA	TRBV28*01+CASGHQTDSYEQYF+32+([GS][GHIY][RQK]TD[AST]YEQ)	1	1.442855781614241	A\*01	MOTIF	cbind(MOTIF, M - MOTIF) ~ AGE+SEX+DAYS+HLA
0.7421012768091173	0.35400092638603975	2.096325804525868	0.036417964969169846	DAYS	TRBV5-5*01+CASSPGQGAFTDTQYF+22+(S.G[QE]G[AS]F[ST]DTQ)	1	1.4386843261784674	A\*01	MOTIF	cbind(MOTIF, M - MOTIF) ~ AGE+SEX+DAYS+HLA
0.8765648479789621	0.42191161663934634	2.077603017809906	0.038116275275680116	DAYS	TRBV28*01+CASSFKTDTYEQYF+22+(S.[RK][ST]D[QST]YEQ)	1	1.4188895452386816	A\*01	MOTIF	cbind(MOTIF, M - MOTIF) ~ AGE+SEX+DAYS+HLA
1.4783499789205663	0.7153398336268043	2.0666400910812794	0.03914169051950715	HLA	TRBV28*01+CASSRRDSSYEQYF+10+(SRRDSSYEQ)	1	1.407360421206411	A\*01	MOTIF	cbind(MOTIF, M - MOTIF) ~ AGE+SEX+DAYS+HLA
-0.039497195535356605	0.019534078403636752	-2.021963602234914	0.04356665862720261	AGE	TRBV28*01+CASSRSTDSYEQYF+20+(S[RL][RKPS]TDSYEQ)	1	1.3608457472805535	A\*01	MOTIF	cbind(MOTIF, M - MOTIF) ~ AGE+SEX+DAYS+HLA
0.8140962565988591	0.40358738512412384	2.017149907568302	0.044067770438347406	DAYS	TRBV4-2*01+CASSQEGGRAYEQYF+16+(SQEG[GS][RV][AGS]YEQ)	1	1.3558789215984786	A\*01	MOTIF	cbind(MOTIF, M - MOTIF) ~ AGE+SEX+DAYS+HLA
0.8340217043249835	0.4259851854691359	1.9578655145166104	0.05064960201294377	DAYS	TRBV28*01+CASSLKTDAYEQYF+20+(SL[RK][ST][ND].YEQ)	1	1.2954239628261384	A\*01	MOTIF	cbind(MOTIF, M - MOTIF) ~ AGE+SEX+DAYS+HLA
0.8309564199026432	0.42590040487044595	1.951058065219287	0.051455677424972805	DAYS	TRBV28*01+CASSLKTDQYEQYF+20+(S[LF][RK]TD.YEQ)	1	1.2885666998460474	A\*01	MOTIF	cbind(MOTIF, M - MOTIF) ~ AGE+SEX+DAYS+HLA
1.4445040698307066	0.755469618564565	1.9120610999226495	0.05628340431920428	DAYS	TRBV28*01+CASSLKSDSYEQYF+10+(SL[RK][ST][ND]SYEQ)	1	1.249619642006107	A\*01	MOTIF	cbind(MOTIF, M - MOTIF) ~ AGE+SEX+DAYS+HLA
0.4889516565353089	0.25798495305970665	1.8952719944955416	0.05847528879353801	DAYS	TRBV28*01+CASSEKTDTYEQYF+28+(S.[RK]TD[AQLST]YEQ)	1	1.2330276246512548	A\*01	MOTIF	cbind(MOTIF, M - MOTIF) ~ AGE+SEX+DAYS+HLA
0.37094822623151313	0.19799023664943755	1.8735682754312568	0.06141364827017874	DAYS	TRBV28*01+CASSRRTDSYEQYF+22+([NS].[RGKPS][ST][ND][ANLST]YEQ)	1	1.211735102641526	A\*01	MOTIF	cbind(MOTIF, M - MOTIF) ~ AGE+SEX+DAYS+HLA
0.82554798094408	0.45602365592081884	1.8103183249936996	0.07068258314278071	DAYS	TRBV19*01+CASSILLAGGPGDTQYF+34+(S[ILMTV][ILT]L[AS]GGP[EGST][ND][EIT]Q)	1	1.1506875872898337	A\*01	MOTIF	cbind(MOTIF, M - MOTIF) ~ AGE+SEX+DAYS+HLA
0.757594031643307	0.42602301735330134	1.7782936620418175	0.07579718499535446	DAYS	TRBV28*01+CASSFKTDSYEQYF+16+([NS][RLFWY][RK][ST]D[ST]YEQ)	1	1.1203469231764631	A\*01	MOTIF	cbind(MOTIF, M - MOTIF) ~ AGE+SEX+DAYS+HLA
-0.02211120810807426	0.012450496822307556	-1.7759297820515572	0.07618641311083277	AGE	TRBV28*01+CASSFKSDSYEQYF+16+(S[LF][RK][ST][ND][AS]YEQ)	1	1.1181224727170807	A\*01	MOTIF	cbind(MOTIF, M - MOTIF) ~ AGE+SEX+DAYS+HLA
0.6029789754815543	0.34852252089716007	1.730100465041333	0.08406077473117371	DAYS	TRBV28*01+CASSLKTNSYEQYF+16+(SL[RK][ST][ND]SYEQ)	1	1.0754066117143168	A\*01	MOTIF	cbind(MOTIF, M - MOTIF) ~ AGE+SEX+DAYS+HLA
-0.7310017488359122	0.42564274816328695	-1.7174067971093028	0.086354879400573	SEXMale	TRBV4-2*01+CASSQEKSRGYEQYF+26+(SQE[AGKF][GS]R[AG]YEQ)	1	1.063713118005336	A\*01	MOTIF	cbind(MOTIF, M - MOTIF) ~ AGE+SEX+DAYS+HLA
0.7275101449436485	0.428457929471434	1.6979733479110528	0.0899649779534853	DAYS	TRBV28*01+CASSLKSNSYEQYF+16+(SL[RNKS][ST][ND]SYEQ)	1	1.0459265221346097	A\*01	MOTIF	cbind(MOTIF, M - MOTIF) ~ AGE+SEX+DAYS+HLA
-0.2493520217449005	0.1502055079664584	-1.6600724242454676	0.09735555542495267	SEXMale	TRBV7-8*01+CASTLLGNQPQHF+22+([ST][LFY][ADILV]GNQPQ)	1	1.0116392611797762	A\*01	MOTIF	cbind(MOTIF, M - MOTIF) ~ AGE+SEX+DAYS+HLA
0.4288315430371516	0.25867203976710196	1.6578194667782977	0.09780975772047715	DAYS	TRBV28*01+CASSRRTDNYEQYF+22+(S.[RKPS]TD[NDHLS]YEQ)	1	1.00961781686097	A\*01	MOTIF	cbind(MOTIF, M - MOTIF) ~ AGE+SEX+DAYS+HLA
0.5983485531925508	0.3665842107120613	1.632226745473585	0.10308930553498968	DAYS	TRBV28*01+CASSLRSDSYEQYF+10+(SL[RK][ST][ND]SYEQ)	1	0.9867863860069275	A\*01	MOTIF	cbind(MOTIF, M - MOTIF) ~ AGE+SEX+DAYS+HLA
-0.33103611685059153	0.2036516517625702	-1.6255017525540825	0.10451364302512027	SEXMale	TRBV28*01+CASSRKTDSYEQYF+22+(S.[RGKPS][ST][ND][ANLST]YEQ)	1	0.9808270138229369	A\*01	MOTIF	cbind(MOTIF, M - MOTIF) ~ AGE+SEX+DAYS+HLA
0.8198988313790471	0.5176033878500435	1.584029105343844	0.11364662177601394	SEXMale	TRBV28*01+CASSLSSNSYEQYF+20+(S[LF][RNKS][ST][ND]SYEQ)	1	0.9444434694492743	A\*01	MOTIF	cbind(MOTIF, M - MOTIF) ~ AGE+SEX+DAYS+HLA
1.255322534536739	0.7935048863011988	1.5819972330456997	0.11410977207649044	SEXMale	TRBV28*01+CASSQHSNSYEQYF+22+(S[RQELF][NDHT][ST][ND]SYEQ)	1	0.9426771620921244	A\*01	MOTIF	cbind(MOTIF, M - MOTIF) ~ AGE+SEX+DAYS+HLA
-0.006739499380358061	0.0044191195380235155	-1.52507741018754	0.1276993236211329	AGE	TRBV7-8*01+CASTLLGNQPQHF+22+([ST][LFY][ADILV]GNQPQ)	1	0.8938114030371923	A\*01	MOTIF	cbind(MOTIF, M - MOTIF) ~ AGE+SEX+DAYS+HLA
1.6968879888542538	1.1163743106897948	1.5199991370329602	0.1289706020009127	SEXMale	TRBV20-1*01+CSALRQVQAYGYTF+36+([QL][RG]QV[DQ][ANIY]YGY)	1	0.8895092729859692	A\*01	MOTIF	cbind(MOTIF, M - MOTIF) ~ AGE+SEX+DAYS+HLA
0.7019106905009486	0.46280180898726947	1.5166550278550368	0.12981312183133886	DAYS	TRBV28*01+CASSFRSDHYEQYF+22+(S[LF][RK][ST][ND][AQHST]YEQ)	1	0.8866814057566672	A\*01	MOTIF	cbind(MOTIF, M - MOTIF) ~ AGE+SEX+DAYS+HLA
0.5210443433140974	0.35165834538766644	1.4816777424681922	0.1388839050198694	DAYS	TRBV28*01+CASSVATDSYEQYF+22+(S[RLMV][ARGKS]TDSYEQ)	1	0.8573480808719436	A\*01	MOTIF	cbind(MOTIF, M - MOTIF) ~ AGE+SEX+DAYS+HLA
-0.2628374781473195	0.18061188302220121	-1.455261269354082	0.14605305325339538	SEXMale	TRBV28*01+CASSRRTDSYEQYF+22+([NS].[RGKPS][ST][ND][ANLST]YEQ)	1	0.835489359626815	A\*01	MOTIF	cbind(MOTIF, M - MOTIF) ~ AGE+SEX+DAYS+HLA
1.2627483065710925	0.8790792881048523	1.4364441565826973	0.1513305447370866	HLA	TRBV20-1*01+CSALRQVQAYGYTF+36+([QL][RG]QV[DQ][ANIY]YGY)	1	0.8200734046144559	A\*01	MOTIF	cbind(MOTIF, M - MOTIF) ~ AGE+SEX+DAYS+HLA
-0.47353316636158116	0.33172913229470713	-1.4274693424902332	0.15389836597959275	SEXMale	TRBV4-2*01+CASSQEGGRAYEQYF+16+(SQEG[GS][RV][AGS]YEQ)	1	0.8127659912784206	A\*01	MOTIF	cbind(MOTIF, M - MOTIF) ~ AGE+SEX+DAYS+HLA
1.4694881773120247	1.0728927164730995	1.36965062279726	0.1712428459460461	DAYS	TRBV28*01+CASSLRSDEYTIYF+36+(SLRSD[ES]Y[ET][QI])	1	0.7663875630825718	A\*01	MOTIF	cbind(MOTIF, M - MOTIF) ~ AGE+SEX+DAYS+HLA
1.0520749085276009	0.7887520569449945	1.3338474356599614	0.18269523848429076	DAYS	TRBV4-2*01+CASSQEGGRQGSYEQYF+28+(SQEGGR[AQ]?[G]?SYEQ)	1	0.7382727713499538	A\*01	MOTIF	cbind(MOTIF, M - MOTIF) ~ AGE+SEX+DAYS+HLA
-0.023671403364146252	0.01796635862906476	-1.3175404016399994	0.18809612383933147	AGE	TRBV4-2*01+CASSQEGGRQGSYEQYF+28+(SQEGGR[AQ]?[G]?SYEQ)	1	0.7256201540112072	A\*01	MOTIF	cbind(MOTIF, M - MOTIF) ~ AGE+SEX+DAYS+HLA
1.0563549344659833	0.8139690308736671	1.2977827096593013	0.19479694413597173	SEXMale	TRBV28*01+CASSRRDSSYEQYF+10+(SRRDSSYEQ)	1	0.7104178603695933	A\*01	MOTIF	cbind(MOTIF, M - MOTIF) ~ AGE+SEX+DAYS+HLA
-0.026200834395965922	0.02065383274051095	-1.2685700869734915	0.2050234892825252	AGE	TRBV28*01+CASSFRQNSYEQYF+20+(S[LF]R[QS]NSYEQ)	1	0.6881963795228351	A\*01	MOTIF	cbind(MOTIF, M - MOTIF) ~ AGE+SEX+DAYS+HLA
-0.01689067972034197	0.013500841456203321	-1.2510834806212094	0.21132927823420536	AGE	TRBV28*01+CASSLSSNSYEQYF+20+(S[LF][RNKS][ST][ND]SYEQ)	1	0.6750403302325888	A\*01	MOTIF	cbind(MOTIF, M - MOTIF) ~ AGE+SEX+DAYS+HLA
0.5165954541379205	0.41984572601277237	1.230441140949485	0.21895247643516247	SEXMale	TRBV28*01+CASSFRSDHYEQYF+22+(S[LF][RK][ST][ND][AQHST]YEQ)	1	0.6596501384095417	A\*01	MOTIF	cbind(MOTIF, M - MOTIF) ~ AGE+SEX+DAYS+HLA
1.041223848032018	0.852750540098884	1.221018104440343	0.2224974344725715	SEXMale	TRBV19*01+CASGRRTDSYEQYF+22+([GS]RRTDSYEQ)	1	0.6526749923272249	A\*01	MOTIF	cbind(MOTIF, M - MOTIF) ~ AGE+SEX+DAYS+HLA
-0.26957619219402423	0.22905191278587952	-1.176921811807908	0.23963372423963833	SEXMale	TRBV28*01+CASSEKTDTYEQYF+28+(S.[RK]TD[AQLST]YEQ)	1	0.6204520626578031	A\*01	MOTIF	cbind(MOTIF, M - MOTIF) ~ AGE+SEX+DAYS+HLA
-0.011919978242354216	0.01042589741033817	-1.1433047701519234	0.2533097397042767	AGE	TRBV28*01+CASSFRSNSYEQYF+20+(S[LF][RKS][QST][ND][AS]YEQ)	1	0.5963481113602521	A\*01	MOTIF	cbind(MOTIF, M - MOTIF) ~ AGE+SEX+DAYS+HLA
0.4295979503175789	0.3772868048001576	1.1386508747506547	0.2552451218424368	SEXMale	TRBV28*01+CASSFKTDSYEQYF+16+([NS][RLFWY][RK][ST]D[ST]YEQ)	1	0.5930425492494987	A\*01	MOTIF	cbind(MOTIF, M - MOTIF) ~ AGE+SEX+DAYS+HLA
0.3907805211263971	0.3575780390622729	1.0928538065458262	0.27484050400316035	DAYS	TRBV28*01+CASGIKTDSYEQYF+28+([GS].[ARQK][ST][ND][AS]YEQ)	1	0.5609192637201602	A\*01	MOTIF	cbind(MOTIF, M - MOTIF) ~ AGE+SEX+DAYS+HLA
-0.7636401722217568	0.7139146299134336	-1.0696519446790898	0.28515112937707965	DAYS	TRBV28*01+CASSFRQNSYEQYF+20+(S[LF]R[QS]NSYEQ)	1	0.5449249039972962	A\*01	MOTIF	cbind(MOTIF, M - MOTIF) ~ AGE+SEX+DAYS+HLA
-0.6461937987733909	0.610922446304301	-1.0577345826503175	0.2905477006070392	SEXMale	TRBV4-2*01+CASSQEGGRQGSYEQYF+28+(SQEGGR[AQ]?[G]?SYEQ)	1	0.536782557215833	A\*01	MOTIF	cbind(MOTIF, M - MOTIF) ~ AGE+SEX+DAYS+HLA
0.8024436598216834	0.7839195117177512	1.0236301658869817	0.3063697697205367	SEXMale	TRBV28*01+CASSRSTDSYEQYF+20+(S[RL][RKPS]TDSYEQ)	1	0.5137540898594862	A\*01	MOTIF	cbind(MOTIF, M - MOTIF) ~ AGE+SEX+DAYS+HLA
0.8392462031215177	0.8267279789271909	1.0151418900937297	0.31039505070227214	SEXMale	TRBV28*01+CASSFRQNSYEQYF+20+(S[LF]R[QS]NSYEQ)	1	0.5080852122522161	A\*01	MOTIF	cbind(MOTIF, M - MOTIF) ~ AGE+SEX+DAYS+HLA
-0.8292914470685622	0.8216655013744657	-1.0092810829727425	0.31319467049316263	DAYS	TRBV20-1*01+CSALRQVQAYGYTF+36+([QL][RG]QV[DQ][ANIY]YGY)	1	0.5041856367644892	A\*01	MOTIF	cbind(MOTIF, M - MOTIF) ~ AGE+SEX+DAYS+HLA
0.2939169910137494	0.30383973345657417	0.9673421829003712	0.3337129184835981	SEXMale	TRBV28*01+CASSLRTDHYEQYF+22+(S[RLMF][RK][ST][ND].YEQ)	1	0.4766269808862736	A\*01	MOTIF	cbind(MOTIF, M - MOTIF) ~ AGE+SEX+DAYS+HLA
0.7539930179387414	0.7856483698262812	0.959707990109444	0.33753934248304707	DAYS	TRBV28*01+CASSQHSNSYEQYF+22+(S[RQELF][NDHT][ST][ND]SYEQ)	1	0.4716755999366723	A\*01	MOTIF	cbind(MOTIF, M - MOTIF) ~ AGE+SEX+DAYS+HLA
-0.4604508084771477	0.4814219048142681	-0.9564392560300906	0.3391863083624528	SEXMale	TRBV19*01+CASSMVEGTSKLFF+36+(S[RIM]VEGT[GS][EKP]L)	1	0.46956168684765265	A\*01	MOTIF	cbind(MOTIF, M - MOTIF) ~ AGE+SEX+DAYS+HLA
-0.5670087098327828	0.5994393969599108	-0.9458983054974333	0.34453253837851183	SEXMale	TRBV6-5*01+CASSYLDSQETQYF+10+(SYLDSQETQ)	1	0.4627697561339321	A\*01	MOTIF	cbind(MOTIF, M - MOTIF) ~ AGE+SEX+DAYS+HLA
0.36411614208872684	0.3871833061191695	0.9404231441131842	0.3473306144027616	SEXMale	TRBV19*01+CASSILLAGGPGDTQYF+34+(S[ILMTV][ILT]L[AS]GGP[EGST][ND][EIT]Q)	1	0.45925693543321744	A\*01	MOTIF	cbind(MOTIF, M - MOTIF) ~ AGE+SEX+DAYS+HLA
0.02634962278941075	0.028420687561863715	0.9271282664099928	0.3541850597611559	AGE	TRBV20-1*01+CSALRQVQAYGYTF+36+([QL][RG]QV[DQ][ANIY]YGY)	1	0.4507697621751214	A\*01	MOTIF	cbind(MOTIF, M - MOTIF) ~ AGE+SEX+DAYS+HLA
0.2883587014553189	0.3162505278508844	0.911804648722304	0.36219093165016725	SEXMale	TRBV28*01+CASSLKTNSYEQYF+16+(SL[RK][ST][ND]SYEQ)	1	0.44106242752719205	A\*01	MOTIF	cbind(MOTIF, M - MOTIF) ~ AGE+SEX+DAYS+HLA
0.5854425483588581	0.6718343164052156	0.8714091168956447	0.3838347811541106	DAYS	TRBV6-5*01+CASSYLDSQETQYF+10+(SYLDSQETQ)	1	0.41585567426208253	A\*01	MOTIF	cbind(MOTIF, M - MOTIF) ~ AGE+SEX+DAYS+HLA
0.7130074578858692	0.8288121804002553	0.8602762782052009	0.38993644156312834	SEXMale	TRBV28*01+CASSRSSNAYEQYF+22+(S[RLF][DST]SN[AS]YEQ)	1	0.40900617586554655	A\*01	MOTIF	cbind(MOTIF, M - MOTIF) ~ AGE+SEX+DAYS+HLA
0.17214131154317105	0.2160609452671823	0.7967257170438649	0.4258851887433188	DAYS	TRBV28*01+CASSRKTDSYEQYF+22+(S.[RGKPS][ST][ND][ANLST]YEQ)	1	0.3707074633751778	A\*01	MOTIF	cbind(MOTIF, M - MOTIF) ~ AGE+SEX+DAYS+HLA
-0.5690983276692655	0.7158493545564724	-0.7949973329540386	0.4268892167876086	SEXMale	TRBV28*01+CASSLRSDEYTIYF+36+(SLRSD[ES]Y[ET][QI])	1	0.36968481532672937	A\*01	MOTIF	cbind(MOTIF, M - MOTIF) ~ AGE+SEX+DAYS+HLA
0.2762464004498753	0.3517432556161904	0.7853637448312739	0.4325106966961846	SEXMale	TRBV28*01+CASSFKTDTYEQYF+22+(S.[RK][ST]D[QST]YEQ)	1	0.3640031472542387	A\*01	MOTIF	cbind(MOTIF, M - MOTIF) ~ AGE+SEX+DAYS+HLA
0.2720207920605265	0.37384580937249584	0.7276283035434215	0.4670886891030397	SEXMale	TRBV28*01+CASSLKSNSYEQYF+16+(SL[RNKS][ST][ND]SYEQ)	1	0.33060064934593975	A\*01	MOTIF	cbind(MOTIF, M - MOTIF) ~ AGE+SEX+DAYS+HLA
0.20228013573516948	0.28478077654052586	0.710301229571877	0.4777580466645839	SEXMale	TRBV28*01+CASSLKTDSYEQYF+16+(S[RLMF][RGKS][ST][ND][ANQS]YEQ)	1	0.32079198958410143	A\*01	MOTIF	cbind(MOTIF, M - MOTIF) ~ AGE+SEX+DAYS+HLA
-0.3958935477961316	0.5713073340299678	-0.6929607309668548	0.48856804008455224	DAYS	TRBV28*01+CASGHQTDSYEQYF+32+([GS][GHIY][RQK]TD[AST]YEQ)	1	0.3110749460177092	A\*01	MOTIF	cbind(MOTIF, M - MOTIF) ~ AGE+SEX+DAYS+HLA
0.7930158276790049	1.1716507650120687	0.6768363503529453	0.49873728655955685	HLA	TRBV20-1*01+CSALGQVDNYGYTF+28+(L[G]?QVD[NI]YGY)	1	0.30212816187643005	A\*01	MOTIF	cbind(MOTIF, M - MOTIF) ~ AGE+SEX+DAYS+HLA
-0.01203735324982002	0.01786780444264786	-0.6736895564565617	0.500734960340805	AGE	TRBV28*01+CASGHQTDSYEQYF+32+([GS][GHIY][RQK]TD[AST]YEQ)	1	0.30039208594669087	A\*01	MOTIF	cbind(MOTIF, M - MOTIF) ~ AGE+SEX+DAYS+HLA
0.22299870780280076	0.3312480343103681	0.6732076411172258	0.5010412687393122	SEXMale	TRBV28*01+CASSLRSDSYEQYF+10+(SL[RK][ST][ND]SYEQ)	1	0.30012650158260556	A\*01	MOTIF	cbind(MOTIF, M - MOTIF) ~ AGE+SEX+DAYS+HLA
-0.007775798235027231	0.011962199711172074	-0.6500307989144369	0.515889309109139	AGE	TRBV19*01+CASSMRTDTYEQYF+16+(S[LM]RTD[ST]YEQ)	1	0.2874434720162365	A\*01	MOTIF	cbind(MOTIF, M - MOTIF) ~ AGE+SEX+DAYS+HLA
0.20349698245397937	0.3341935468074185	0.6089195449702864	0.5427787688944117	SEXMale	TRBV28*01+CASGIKTDSYEQYF+28+([GS].[ARQK][ST][ND][AS]YEQ)	1	0.26537714836000315	A\*01	MOTIF	cbind(MOTIF, M - MOTIF) ~ AGE+SEX+DAYS+HLA
-0.47034004798266854	0.7739482538446761	-0.607715109693963	0.5435769753015716	DAYS	TRBV19*01+CASGRRTDSYEQYF+22+([GS]RRTDSYEQ)	1	0.26473894728768554	A\*01	MOTIF	cbind(MOTIF, M - MOTIF) ~ AGE+SEX+DAYS+HLA
0.2606597647486825	0.4450497529069856	0.5856867980402178	0.5582780725608156	SEXMale	TRBV28*01+CASSFKSDSYEQYF+16+(S[LF][RK][ST][ND][AS]YEQ)	1	0.2531494295610947	A\*01	MOTIF	cbind(MOTIF, M - MOTIF) ~ AGE+SEX+DAYS+HLA
0.30087756916521574	0.5361211542046607	0.5612118954932298	0.5748358350264883	SEXMale	TRBV28*01+CASSLKSDSYEQYF+10+(SL[RK][ST][ND]SYEQ)	1	0.24045616595681232	A\*01	MOTIF	cbind(MOTIF, M - MOTIF) ~ AGE+SEX+DAYS+HLA
0.012768307757356075	0.022807071899704545	0.5598398520207007	0.57577089873423	AGE	TRBV28*01+CASSLRSDEYTIYF+36+(SLRSD[ES]Y[ET][QI])	1	0.23975028950748542	A\*01	MOTIF	cbind(MOTIF, M - MOTIF) ~ AGE+SEX+DAYS+HLA
0.23053913434883894	0.4445117750828021	0.5186344823056598	0.6041824213887576	DAYS	TRBV4-2*01+CASSQEKSRGYEQYF+26+(SQE[AGKF][GS]R[AG]YEQ)	1	0.21883191462202412	A\*01	MOTIF	cbind(MOTIF, M - MOTIF) ~ AGE+SEX+DAYS+HLA
0.42091865488441704	0.8221666215066087	0.5119627139728558	0.608841395192234	DAYS	TRBV28*01+CASSRSSNAYEQYF+22+(S[RLF][DST]SN[AS]YEQ)	1	0.21549582750489865	A\*01	MOTIF	cbind(MOTIF, M - MOTIF) ~ AGE+SEX+DAYS+HLA
0.1825029751097798	0.3580673825830134	0.5096889132800829	0.6104328705580624	SEXMale	TRBV28*01+CASSLKTDQYEQYF+20+(S[LF][RK]TD.YEQ)	1	0.21436208855641412	A\*01	MOTIF	cbind(MOTIF, M - MOTIF) ~ AGE+SEX+DAYS+HLA
-0.20650106493522702	0.4088907251391645	-0.5050275103817654	0.6137012422690871	SEXMale	TRBV19*01+CASSMRTDTYEQYF+16+(S[LM]RTD[ST]YEQ)	1	0.21204299760565018	A\*01	MOTIF	cbind(MOTIF, M - MOTIF) ~ AGE+SEX+DAYS+HLA
0.17726101044054846	0.3580635501606525	0.4950546079348671	0.6207196356400071	SEXMale	TRBV28*01+CASSLKTDAYEQYF+20+(SL[RK][ST][ND].YEQ)	1	0.2071045160690546	A\*01	MOTIF	cbind(MOTIF, M - MOTIF) ~ AGE+SEX+DAYS+HLA
0.015460541651667452	0.03276568873661618	0.4718515693640845	0.6371823469296216	AGE	TRBV20-1*01+CSALGQVDNYGYTF+28+(L[G]?QVD[NI]YGY)	1	0.19573626478750153	A\*01	MOTIF	cbind(MOTIF, M - MOTIF) ~ AGE+SEX+DAYS+HLA
0.170666997448565	0.36929126157457776	0.46214740289515105	0.6441217245003648	DAYS	TRBV28*01+CASSFRSNSYEQYF+20+(S[LF][RKS][QST][ND][AS]YEQ)	1	0.19103205300753717	A\*01	MOTIF	cbind(MOTIF, M - MOTIF) ~ AGE+SEX+DAYS+HLA
0.20559579277229945	0.5069173164247017	0.40558052785091425	0.6851769331902784	DAYS	TRBV19*01+CASSMVEGTSKLFF+36+(S[RIM]VEGT[GS][EKP]L)	1	0.16419726619222785	A\*01	MOTIF	cbind(MOTIF, M - MOTIF) ~ AGE+SEX+DAYS+HLA
0.16345518988585667	0.45972299572164727	0.3555514764478421	0.7222854700717374	DAYS	TRBV28*01+CASSFKSDSYEQYF+16+(S[LF][RK][ST][ND][AS]YEQ)	1	0.14129112158043525	A\*01	MOTIF	cbind(MOTIF, M - MOTIF) ~ AGE+SEX+DAYS+HLA
0.15336069482590012	0.43273917911299226	0.35439521593642487	0.7231513123550647	DAYS	TRBV19*01+CASSMRTDTYEQYF+16+(S[LM]RTD[ST]YEQ)	1	0.14077082131494417	A\*01	MOTIF	cbind(MOTIF, M - MOTIF) ~ AGE+SEX+DAYS+HLA
0.13062455698922304	0.3992576048333673	0.3271686134663359	0.7436398754994998	HLA	TRBV19*01+CASSTGAYEQYF+10+(STGAYEQ)	1	0.12863733051245477	A\*01	MOTIF	cbind(MOTIF, M - MOTIF) ~ AGE+SEX+DAYS+HLA
-0.005977708056317824	0.021348828839202312	-0.2800016854011734	0.7795603753885723	AGE	TRBV19*01+CASGRRTDSYEQYF+22+([GS]RRTDSYEQ)	1	0.10815024393543043	A\*01	MOTIF	cbind(MOTIF, M - MOTIF) ~ AGE+SEX+DAYS+HLA
-0.04214343976434466	0.15374511201762145	-0.27411238777798935	0.7840805324407134	DAYS	TRBV7-8*01+CASTLLGNQPQHF+22+([ST][LFY][ADILV]GNQPQ)	1	0.10563932889919107	A\*01	MOTIF	cbind(MOTIF, M - MOTIF) ~ AGE+SEX+DAYS+HLA
-0.19163923543488137	0.7386374116859549	-0.25944967368693245	0.7953659207789765	HLA	TRBV19*01+CASSMRTDTYEQYF+16+(S[LM]RTD[ST]YEQ)	1	0.09943302126393327	A\*01	MOTIF	cbind(MOTIF, M - MOTIF) ~ AGE+SEX+DAYS+HLA
0.2526695844423909	1.0753454294419227	0.23496597235134023	0.8143050580567722	HLA	TRBV28*01+CASSFRQNSYEQYF+20+(S[LF]R[QS]NSYEQ)	1	0.08921286757812814	A\*01	MOTIF	cbind(MOTIF, M - MOTIF) ~ AGE+SEX+DAYS+HLA
0.06751875707210016	0.35658705113455774	0.18934719266242236	0.8498765545535254	SEXMale	TRBV28*01+CASSFRSNSYEQYF+20+(S[LF][RKS][QST][ND][AS]YEQ)	1	0.07064415142642155	A\*01	MOTIF	cbind(MOTIF, M - MOTIF) ~ AGE+SEX+DAYS+HLA
-0.0020475824290464243	0.011110092686954053	-0.1842993111525328	0.8538329624462354	AGE	TRBV19*01+CASSILLAGGPGDTQYF+34+(S[ILMTV][ILT]L[AS]GGP[EGST][ND][EIT]Q)	1	0.06862708315565899	A\*01	MOTIF	cbind(MOTIF, M - MOTIF) ~ AGE+SEX+DAYS+HLA
-0.00399684745233114	0.022918079590813944	-0.17439713639589427	0.8616046694292598	AGE	TRBV28*01+CASSRSSNAYEQYF+22+(S[RLF][DST]SN[AS]YEQ)	1	0.06469195606352643	A\*01	MOTIF	cbind(MOTIF, M - MOTIF) ~ AGE+SEX+DAYS+HLA
-0.1770741640389445	1.052984940897195	-0.16816400421459834	0.8665036794205891	HLA	TRBV28*01+CASSQHSNSYEQYF+22+(S[RQELF][NDHT][ST][ND]SYEQ)	1	0.06222958880849953	A\*01	MOTIF	cbind(MOTIF, M - MOTIF) ~ AGE+SEX+DAYS+HLA
0.0031280875805682023	0.01896130816708954	0.1649721397386237	0.8690143697294299	AGE	TRBV28*01+CASSQHSNSYEQYF+22+(S[RQELF][NDHT][ST][ND]SYEQ)	1	0.0609730421444284	A\*01	MOTIF	cbind(MOTIF, M - MOTIF) ~ AGE+SEX+DAYS+HLA
0.17257573998350084	1.1556198336938828	0.1493360835040974	0.8813322075035983	DAYS	TRBV20-1*01+CSALGQVDNYGYTF+28+(L[G]?QVD[NI]YGY)	1	0.054860358681347754	A\*01	MOTIF	cbind(MOTIF, M - MOTIF) ~ AGE+SEX+DAYS+HLA
-0.0021089026818769756	0.01573460974711207	-0.1340295511468941	0.8934184029953177	AGE	TRBV28*01+CASSLKSDSYEQYF+10+(SL[RK][ST][ND]SYEQ)	1	0.048945105997824846	A\*01	MOTIF	cbind(MOTIF, M - MOTIF) ~ AGE+SEX+DAYS+HLA
-0.027347111090330424	0.2345363450275803	-0.11660073873460652	0.9072104794486535	SEXMale	TRBV28*01+CASSRRTDNYEQYF+22+(S.[RKPS]TD[NDHLS]YEQ)	1	0.04229194176197376	A\*01	MOTIF	cbind(MOTIF, M - MOTIF) ~ AGE+SEX+DAYS+HLA
0.027845636975845158	0.2583385254123432	0.10778739613613478	0.9141957659478664	DAYS	TRBV19*01+CASSTGAYEQYF+10+(STGAYEQ)	1	0.03896079445528125	A\*01	MOTIF	cbind(MOTIF, M - MOTIF) ~ AGE+SEX+DAYS+HLA
-0.08978874909516492	1.0473282730835476	-0.08573123766706743	0.9317050117187877	HLA	TRBV6-5*01+CASSYLDSQETQYF+10+(SYLDSQETQ)	1	0.030721568398627996	A\*01	MOTIF	cbind(MOTIF, M - MOTIF) ~ AGE+SEX+DAYS+HLA
0.023304981439248435	0.312011605522725	0.07469267497343475	0.9404809476779716	SEXMale	TRBV28*01+CASSVATDSYEQYF+22+(S[RLMV][ARGKS]TDSYEQ)	1	0.02664999798934355	A\*01	MOTIF	cbind(MOTIF, M - MOTIF) ~ AGE+SEX+DAYS+HLA
-0.04328904815893293	0.7123456309783902	-0.060769725083421135	0.9515602497538913	DAYS	TRBV28*01+CASSRRDSSYEQYF+10+(SRRDSSYEQ)	1	0.021563708367758956	A\*01	MOTIF	cbind(MOTIF, M - MOTIF) ~ AGE+SEX+DAYS+HLA
-6.377752991015694e-4	0.011130990451665004	-0.05729726405489542	0.9543250360462845	AGE	TRBV28*01+CASSLKSNSYEQYF+16+(SL[RNKS][ST][ND]SYEQ)	1	0.020303682613165123	A\*01	MOTIF	cbind(MOTIF, M - MOTIF) ~ AGE+SEX+DAYS+HLA
7.827555993259724e-4	0.017494544220261553	0.04474284036616473	0.964325269042365	AGE	TRBV6-5*01+CASSYLDSQETQYF+10+(SYLDSQETQ)	1	0.015776452898549974	A\*01	MOTIF	cbind(MOTIF, M - MOTIF) ~ AGE+SEX+DAYS+HLA
-0.003937114612499187	0.24788425925178542	-0.015882874630212443	0.9873324369938404	SEXMale	TRBV19*01+CASSTGAYEQYF+10+(STGAYEQ)	1	0.00553659480402615	A\*01	MOTIF	cbind(MOTIF, M - MOTIF) ~ AGE+SEX+DAYS+HLA
1.775265976435436	0.23742690348316994	7.477105375976383	2.3204559012091413e-13	HLA	TRBV28*01+CASSLKTNSYEQYF+16+(SL[RK][ST][ND]SYEQ)	1	12.634426680657368	A\*01	RADIUS	cbind(MOTIF, M - MOTIF) ~ AGE+SEX+DAYS+HLA
2.2605863217593622	0.3085251634060975	7.327072763863531	6.609373258421954e-13	HLA	TRBV28*01+CASSLRSDSYEQYF+10+(SL[RK][ST][ND]SYEQ)	1	12.179839721045964	A\*01	RADIUS	cbind(MOTIF, M - MOTIF) ~ AGE+SEX+DAYS+HLA
1.978663021141719	0.31238593719329594	6.334033596132646	4.3134267904731564e-10	HLA	TRBV28*01+CASSLKTDQYEQYF+20+(S[LF][RK]TD.YEQ)	1	9.365177568615632	A\*01	RADIUS	cbind(MOTIF, M - MOTIF) ~ AGE+SEX+DAYS+HLA
1.3319299342812472	0.21259007581746675	6.2652498201508875	6.561680618667021e-10	HLA	TRBV28*01+CASSLRTDHYEQYF+22+(S[RLMF][RK][ST][ND].YEQ)	1	9.18298491215877	A\*01	RADIUS	cbind(MOTIF, M - MOTIF) ~ AGE+SEX+DAYS+HLA
1.6467056391821047	0.2637887265345992	6.2425171113827655	7.531101944683006e-10	HLA	TRBV28*01+CASSFKTDSYEQYF+16+([NS][RLFWY][RK][ST]D[ST]YEQ)	1	9.123141473536137	A\*01	RADIUS	cbind(MOTIF, M - MOTIF) ~ AGE+SEX+DAYS+HLA
1.4854424983056678	0.2663010852907927	5.578056494526147	3.4978797401491066e-8	HLA	TRBV28*01+CASGIKTDSYEQYF+28+([GS].[ARQK][ST][ND][AS]YEQ)	1	7.45619512598583	A\*01	RADIUS	cbind(MOTIF, M - MOTIF) ~ AGE+SEX+DAYS+HLA
1.369618864881161	0.24615026812704938	5.564157517692559	3.775357589638586e-8	HLA	TRBV28*01+CASSLKTDSYEQYF+16+(S[RLMF][RGKS][ST][ND][ANQS]YEQ)	1	7.42304190712039	A\*01	RADIUS	cbind(MOTIF, M - MOTIF) ~ AGE+SEX+DAYS+HLA
1.3631116791361695	0.2514022892653327	5.422033678052656	8.163678775527061e-8	HLA	TRBV5-5*01+CASSPGQGAFTDTQYF+22+(S.G[QE]G[AS]F[ST]DTQ)	1	7.088114092241201	A\*01	RADIUS	cbind(MOTIF, M - MOTIF) ~ AGE+SEX+DAYS+HLA
1.4617700141692487	0.2756354345984111	5.303273203240303	1.5347406842970998e-7	HLA	TRBV28*01+CASSFRSDHYEQYF+22+(S[LF][RK][ST][ND][AQHST]YEQ)	1	6.8139649940582	A\*01	RADIUS	cbind(MOTIF, M - MOTIF) ~ AGE+SEX+DAYS+HLA
1.063150178539885	0.20689907670218324	5.13849648575385	3.6119100038125927e-7	HLA	TRBV28*01+CASSRKTDSYEQYF+22+(S.[RGKPS][ST][ND][ANLST]YEQ)	1	6.442263079326004	A\*01	RADIUS	cbind(MOTIF, M - MOTIF) ~ AGE+SEX+DAYS+HLA
2.391456702380464	0.4892109087102632	4.88839610851117	1.2662870154191848e-6	HLA	TRBV28*01+CASSLKSDSYEQYF+10+(SL[RK][ST][ND]SYEQ)	1	5.897467846384012	A\*01	RADIUS	cbind(MOTIF, M - MOTIF) ~ AGE+SEX+DAYS+HLA
0.9011956702898216	0.1859441675529872	4.846592835631772	1.5534670826683878e-6	HLA	TRBV28*01+CASSRRTDSYEQYF+22+([NS].[RGKPS][ST][ND][ANLST]YEQ)	1	5.808697944833814	A\*01	RADIUS	cbind(MOTIF, M - MOTIF) ~ AGE+SEX+DAYS+HLA
1.0772023270162074	0.22342425402657584	4.821331201079344	1.7564123554635033e-6	HLA	TRBV28*01+CASSRRTDNYEQYF+22+(S.[RKPS]TD[NDHLS]YEQ)	1	5.755373516517122	A\*01	RADIUS	cbind(MOTIF, M - MOTIF) ~ AGE+SEX+DAYS+HLA
1.0562283463074476	0.22200197438096908	4.757743030225914	2.38664873063616e-6	HLA	TRBV28*01+CASSFKTDTYEQYF+22+(S.[RK][ST]D[QST]YEQ)	1	5.622211496189046	A\*01	RADIUS	cbind(MOTIF, M - MOTIF) ~ AGE+SEX+DAYS+HLA
0.9003239032528539	0.193593356453363	4.650592973575225	3.969342826450985e-6	HLA	TRBV28*01+CASSEKTDTYEQYF+28+(S.[RK]TD[AQLST]YEQ)	1	5.401281390080964	A\*01	RADIUS	cbind(MOTIF, M - MOTIF) ~ AGE+SEX+DAYS+HLA
1.1268949433854543	0.24598089701113254	4.581229506348428	5.488064407340602e-6	HLA	TRBV28*01+CASSLKTDAYEQYF+20+(SL[RK][ST][ND].YEQ)	1	5.2605808004375145	A\*01	RADIUS	cbind(MOTIF, M - MOTIF) ~ AGE+SEX+DAYS+HLA
-0.0199695505339813	0.004390118761012925	-4.548749503390145	6.3778731795145214e-6	AGE	TRBV19*01+CASSTGAYEQYF+10+(STGAYEQ)	1	5.195324120713101	A\*01	RADIUS	cbind(MOTIF, M - MOTIF) ~ AGE+SEX+DAYS+HLA
1.246255812487535	0.2986057305981387	4.173583038715142	3.383059630028306e-5	HLA	TRBV28*01+CASSRSTDSYEQYF+20+(S[RL][RKPS]TDSYEQ)	1	4.470690347241869	A\*01	RADIUS	cbind(MOTIF, M - MOTIF) ~ AGE+SEX+DAYS+HLA
0.8389793140857966	0.21937977865914457	3.824323824254277	1.4304063439452355e-4	HLA	TRBV28*01+CASSVATDSYEQYF+22+(S[RLMV][ARGKS]TDSYEQ)	1	3.8445405724195925	A\*01	RADIUS	cbind(MOTIF, M - MOTIF) ~ AGE+SEX+DAYS+HLA
1.0427698874434397	0.2768398526250152	3.766689938445716	1.7958675078632563e-4	HLA	TRBV28*01+CASSLKSNSYEQYF+16+(SL[RNKS][ST][ND]SYEQ)	1	3.7457257070486656	A\*01	RADIUS	cbind(MOTIF, M - MOTIF) ~ AGE+SEX+DAYS+HLA
-0.018297196652677344	0.004867435062826845	-3.7591044187553964	1.8500545256357453e-4	AGE	TRBV28*01+CASSVATDSYEQYF+22+(S[RLMV][ARGKS]TDSYEQ)	1	3.732815471686842	A\*01	RADIUS	cbind(MOTIF, M - MOTIF) ~ AGE+SEX+DAYS+HLA
0.8649687254977947	0.23198770394082016	3.7285110840117945	2.0846248394897077e-4	HLA	TRBV28*01+CASSFRSNSYEQYF+20+(S[LF][RKS][QST][ND][AS]YEQ)	1	3.6809720916731825	A\*01	RADIUS	cbind(MOTIF, M - MOTIF) ~ AGE+SEX+DAYS+HLA
-0.02163131395957279	0.005837012624783667	-3.7058878145521392	2.275794652777751e-4	AGE	TRBV28*01+CASSLKTDAYEQYF+20+(SL[RK][ST][ND].YEQ)	1	3.6428669273335696	A\*01	RADIUS	cbind(MOTIF, M - MOTIF) ~ AGE+SEX+DAYS+HLA
1.2202729630075448	0.346361868060133	3.523115780157674	4.5471316228271475e-4	HLA	TRBV28*01+CASSFKSDSYEQYF+16+(S[LF][RK][ST][ND][AS]YEQ)	1	3.3422624743763336	A\*01	RADIUS	cbind(MOTIF, M - MOTIF) ~ AGE+SEX+DAYS+HLA
-0.2784516623940108	0.0791207247839858	-3.5193264868874157	4.6114048278613206e-4	SEXMale	TRBV20-1*01+CSALRQVQAYGYTF+36+([QL][RG]QV[DQ][ANIY]YGY)	1	3.336166750088372	A\*01	RADIUS	cbind(MOTIF, M - MOTIF) ~ AGE+SEX+DAYS+HLA
0.760957497595489	0.22219985829788222	3.4246533882813988	6.521235074103286e-4	HLA	TRBV4-2*01+CASSQEGGRAYEQYF+16+(SQEG[GS][RV][AGS]YEQ)	1	3.185670144287893	A\*01	RADIUS	cbind(MOTIF, M - MOTIF) ~ AGE+SEX+DAYS+HLA
-0.01767939702670514	0.00526228937006669	-3.359639841790207	8.235154090506208e-4	AGE	TRBV28*01+CASSRRTDNYEQYF+22+(S.[RKPS]TD[NDHLS]YEQ)	1	3.0843282702003023	A\*01	RADIUS	cbind(MOTIF, M - MOTIF) ~ AGE+SEX+DAYS+HLA
-0.007678038941270565	0.002289579513016058	-3.3534711931258947	8.4178738922019e-4	AGE	TRBV20-1*01+CSALRQVQAYGYTF+36+([QL][RG]QV[DQ][ANIY]YGY)	1	3.074797584685772	A\*01	RADIUS	cbind(MOTIF, M - MOTIF) ~ AGE+SEX+DAYS+HLA
1.1760463061251942	0.3631637386815764	3.23833626780772	0.0012600502629134848	DAYS	TRBV28*01+CASSRSTDSYEQYF+20+(S[RL][RKPS]TDSYEQ)	1	2.8996121306994276	A\*01	RADIUS	cbind(MOTIF, M - MOTIF) ~ AGE+SEX+DAYS+HLA
-0.01645651927042344	0.0051091791061319445	-3.2209713005896825	0.0013377191595053644	AGE	TRBV28*01+CASSFKTDTYEQYF+22+(S.[RK][ST]D[QST]YEQ)	1	2.873635052696098	A\*01	RADIUS	cbind(MOTIF, M - MOTIF) ~ AGE+SEX+DAYS+HLA
-0.028504270371691363	0.009097833473473982	-3.1330833274536833	0.0018032345530088225	AGE	TRBV28*01+CASSLKTDQYEQYF+20+(S[LF][RK]TD.YEQ)	1	2.7439477794050604	A\*01	RADIUS	cbind(MOTIF, M - MOTIF) ~ AGE+SEX+DAYS+HLA
-0.013584813294739529	0.004344498821177082	-3.1268999840720206	0.0018410428329298184	AGE	TRBV28*01+CASSEKTDTYEQYF+28+(S.[RK]TD[AQLST]YEQ)	1	2.734936107265313	A\*01	RADIUS	cbind(MOTIF, M - MOTIF) ~ AGE+SEX+DAYS+HLA
-0.01951662118225635	0.006281275358702854	-3.107111226260064	0.001967002419266556	AGE	TRBV28*01+CASSLKTDSYEQYF+16+(S[RLMF][RGKS][ST][ND][ANQS]YEQ)	1	2.70619510593045	A\*01	RADIUS	cbind(MOTIF, M - MOTIF) ~ AGE+SEX+DAYS+HLA
0.39143920439362256	0.12846109711515377	3.047142000061954	0.0023987177570402776	HLA	TRBV7-8*01+CASTLLGNQPQHF+22+([ST][LFY][ADILV]GNQPQ)	1	2.6200208498942414	A\*01	RADIUS	cbind(MOTIF, M - MOTIF) ~ AGE+SEX+DAYS+HLA
0.5977581667846721	0.19700308491964044	3.0342579002176726	0.002502141572702339	DAYS	TRBV28*01+CASSVATDSYEQYF+22+(S[RLMV][ARGKS]TDSYEQ)	1	2.601688121299684	A\*01	RADIUS	cbind(MOTIF, M - MOTIF) ~ AGE+SEX+DAYS+HLA
-0.014310546594071959	0.0047873478320725445	-2.9892431250136715	0.0028964073926961062	AGE	TRBV4-2*01+CASSQEGGRAYEQYF+16+(SQEG[GS][RV][AGS]YEQ)	1	2.5381403527109345	A\*01	RADIUS	cbind(MOTIF, M - MOTIF) ~ AGE+SEX+DAYS+HLA
-0.01411920595954216	0.004861446764985486	-2.9043218288916743	0.003798504662944447	AGE	TRBV4-2*01+CASSQEGGRQGSYEQYF+28+(SQEGGR[AQ]?[G]?SYEQ)	1	2.4203873361308825	A\*01	RADIUS	cbind(MOTIF, M - MOTIF) ~ AGE+SEX+DAYS+HLA
0.74911098006282	0.26022358680801005	2.8787205235761557	0.004116854694101068	DAYS	TRBV28*01+CASSLKTDSYEQYF+16+(S[RLMF][RGKS][ST][ND][ANQS]YEQ)	1	2.385434461315302	A\*01	RADIUS	cbind(MOTIF, M - MOTIF) ~ AGE+SEX+DAYS+HLA
-0.008423282888846733	0.002946227416285583	-2.8590063490299995	0.004378329693952834	AGE	TRBV19*01+CASSMVEGTSKLFF+36+(S[RIM]VEGT[GS][EKP]L)	1	2.3586915385941913	A\*01	RADIUS	cbind(MOTIF, M - MOTIF) ~ AGE+SEX+DAYS+HLA
-0.007067693532444721	0.0026081755196348216	-2.7098228164622484	0.006899578828406994	AGE	TRBV20-1*01+CSALGQVDNYGYTF+28+(L[G]?QVD[NI]YGY)	1	2.1611774191296194	A\*01	RADIUS	cbind(MOTIF, M - MOTIF) ~ AGE+SEX+DAYS+HLA
-0.013213970264121364	0.004927423405104683	-2.681720075127304	0.007500150131399892	AGE	TRBV28*01+CASSFRQNSYEQYF+20+(S[LF]R[QS]NSYEQ)	1	2.124930043196839	A\*01	RADIUS	cbind(MOTIF, M - MOTIF) ~ AGE+SEX+DAYS+HLA
-0.0184760407423684	0.007211016034948654	-2.5621965965438265	0.010613046178792088	AGE	TRBV28*01+CASSFKTDSYEQYF+16+([NS][RLFWY][RK][ST]D[ST]YEQ)	1	1.9741599460924562	A\*01	RADIUS	cbind(MOTIF, M - MOTIF) ~ AGE+SEX+DAYS+HLA
-0.013910146522991038	0.005434263858540756	-2.559711284745434	0.010688501834468515	AGE	TRBV28*01+CASSLRTDHYEQYF+22+(S[RLMF][RK][ST][ND].YEQ)	1	1.9710831638857362	A\*01	RADIUS	cbind(MOTIF, M - MOTIF) ~ AGE+SEX+DAYS+HLA
-0.012427752764504845	0.004914765319154349	-2.5286563970959257	0.011672462147661142	AGE	TRBV28*01+CASSRKTDSYEQYF+22+(S.[RGKPS][ST][ND][ANLST]YEQ)	1	1.932837525757709	A\*01	RADIUS	cbind(MOTIF, M - MOTIF) ~ AGE+SEX+DAYS+HLA
-0.01027345721852699	0.004095141511262931	-2.50869406839098	0.012346723147095772	AGE	TRBV28*01+CASSRRTDSYEQYF+22+([NS].[RGKPS][ST][ND][ANLST]YEQ)	1	1.9084482900130115	A\*01	RADIUS	cbind(MOTIF, M - MOTIF) ~ AGE+SEX+DAYS+HLA
0.8283349472958266	0.3340072192870841	2.4799911482867096	0.013376795624396701	HLA	TRBV28*01+CASSRSSNAYEQYF+22+(S[RLF][DST]SN[AS]YEQ)	1	1.8736479081908628	A\*01	RADIUS	cbind(MOTIF, M - MOTIF) ~ AGE+SEX+DAYS+HLA
0.7638244067562326	0.31911606811577986	2.393562979345516	0.016952551855263325	HLA	TRBV28*01+CASGHQTDSYEQYF+32+([GS][GHIY][RQK]TD[AST]YEQ)	1	1.770764918508524	A\*01	RADIUS	cbind(MOTIF, M - MOTIF) ~ AGE+SEX+DAYS+HLA
0.6237275871373108	0.2649182634822101	2.3544152031601837	0.018831983260869472	DAYS	TRBV28*01+CASSLKTNSYEQYF+16+(SL[RK][ST][ND]SYEQ)	1	1.7251039405305497	A\*01	RADIUS	cbind(MOTIF, M - MOTIF) ~ AGE+SEX+DAYS+HLA
0.5805446463151834	0.24788708053303002	2.341972179699087	0.01946644739598127	SEXMale	TRBV5-5*01+CASSPGQGAFTDTQYF+22+(S.G[QE]G[AS]F[ST]DTQ)	1	1.7107132994866312	A\*01	RADIUS	cbind(MOTIF, M - MOTIF) ~ AGE+SEX+DAYS+HLA
-0.01701537032318557	0.007278212217106159	-2.337850259874799	0.019680710076855724	AGE	TRBV28*01+CASGIKTDSYEQYF+28+([GS].[ARQK][ST][ND][AS]YEQ)	1	1.7059592363469076	A\*01	RADIUS	cbind(MOTIF, M - MOTIF) ~ AGE+SEX+DAYS+HLA
-0.014767009218396352	0.006468264578448443	-2.2829939992866755	0.022734889793450546	AGE	TRBV19*01+CASSMRTDTYEQYF+16+(S[LM]RTD[ST]YEQ)	1	1.643307146680439	A\*01	RADIUS	cbind(MOTIF, M - MOTIF) ~ AGE+SEX+DAYS+HLA
1.3633211096540712	0.597361324603673	2.2822386610960863	0.02277967532580152	HLA	TRBV28*01+CASSRRDSSYEQYF+10+(SRRDSSYEQ)	1	1.6424524701259995	A\*01	RADIUS	cbind(MOTIF, M - MOTIF) ~ AGE+SEX+DAYS+HLA
-0.02121261336450417	0.009535330008258718	-2.224633373583458	0.026429496312668242	AGE	TRBV28*01+CASSLRSDSYEQYF+10+(SL[RK][ST][ND]SYEQ)	1	1.5779111134749186	A\*01	RADIUS	cbind(MOTIF, M - MOTIF) ~ AGE+SEX+DAYS+HLA
0.5409693187776271	0.24656747506122928	2.1940011294810478	0.028569032960201017	HLA	TRBV28*01+CASSFRQNSYEQYF+20+(S[LF]R[QS]NSYEQ)	1	1.5441044599027454	A\*01	RADIUS	cbind(MOTIF, M - MOTIF) ~ AGE+SEX+DAYS+HLA
0.31484929881561846	0.14676761880926664	2.1452231859452873	0.0322844284009541	DAYS	TRBV28*01+CASSLRSDEYTIYF+36+(SLRSD[ES]Y[ET][QI])	1	1.4910068984174745	A\*01	RADIUS	cbind(MOTIF, M - MOTIF) ~ AGE+SEX+DAYS+HLA
0.1709710686248876	0.0829582556683566	2.0609289244024254	0.03968512220963241	DAYS	TRBV20-1*01+CSALRQVQAYGYTF+36+([QL][RG]QV[DQ][ANIY]YGY)	1	1.4013722779541053	A\*01	RADIUS	cbind(MOTIF, M - MOTIF) ~ AGE+SEX+DAYS+HLA
0.4115972767994869	0.20374281268473196	2.0201805961930313	0.04375170652180721	DAYS	TRBV28*01+CASSLRTDHYEQYF+22+(S[RLMF][RK][ST][ND].YEQ)	1	1.3590050027890943	A\*01	RADIUS	cbind(MOTIF, M - MOTIF) ~ AGE+SEX+DAYS+HLA
-0.0049621951567695895	0.00245644837408631	-2.0200689780892733	0.04376331281117781	AGE	TRBV19*01+CASSILLAGGPGDTQYF+34+(S[ILMTV][ILT]L[AS]GGP[EGST][ND][EIT]Q)	1	1.358889810048534	A\*01	RADIUS	cbind(MOTIF, M - MOTIF) ~ AGE+SEX+DAYS+HLA
0.4072739369577499	0.20181043598744247	2.0181014671763173	0.04396832697519695	HLA	TRBV28*01+CASSLRSDEYTIYF+36+(SLRSD[ES]Y[ET][QI])	1	1.356860059266885	A\*01	RADIUS	cbind(MOTIF, M - MOTIF) ~ AGE+SEX+DAYS+HLA
-0.014323503901380272	0.007214865168041977	-1.9852767262825355	0.04751032129286656	AGE	TRBV28*01+CASGHQTDSYEQYF+32+([GS][GHIY][RQK]TD[AST]YEQ)	1	1.3232120326149515	A\*01	RADIUS	cbind(MOTIF, M - MOTIF) ~ AGE+SEX+DAYS+HLA
-0.006727430451762819	0.0034575074331771017	-1.9457457667939089	0.052092161679593955	AGE	TRBV4-2*01+CASSQEKSRGYEQYF+26+(SQE[AGKF][GS]R[AG]YEQ)	1	1.2832276201821977	A\*01	RADIUS	cbind(MOTIF, M - MOTIF) ~ AGE+SEX+DAYS+HLA
1.4445040698307066	0.755469618564565	1.9120610999226495	0.05628340431920428	DAYS	TRBV28*01+CASSLKSDSYEQYF+10+(SL[RK][ST][ND]SYEQ)	1	1.249619642006107	A\*01	RADIUS	cbind(MOTIF, M - MOTIF) ~ AGE+SEX+DAYS+HLA
-0.4992907937125959	0.2620672540193885	-1.9052009972816246	0.05717059204782738	SEXMale	TRBV28*01+CASSRSSNAYEQYF+22+(S[RLF][DST]SN[AS]YEQ)	1	1.2428273102910083	A\*01	RADIUS	cbind(MOTIF, M - MOTIF) ~ AGE+SEX+DAYS+HLA
-0.004520727562017959	0.0024537579376639417	-1.8423690016961658	0.06585131451961315	AGE	TRBV7-8*01+CASTLLGNQPQHF+22+([ST][LFY][ADILV]GNQPQ)	1	1.1814355512577588	A\*01	RADIUS	cbind(MOTIF, M - MOTIF) ~ AGE+SEX+DAYS+HLA
0.6522053312171858	0.36065198221039574	1.8084063401506687	0.07097976830981682	DAYS	TRBV28*01+CASSFKSDSYEQYF+16+(S[LF][RK][ST][ND][AS]YEQ)	1	1.1488654225980666	A\*01	RADIUS	cbind(MOTIF, M - MOTIF) ~ AGE+SEX+DAYS+HLA
-0.007947282279585388	0.00446039993564012	-1.78174208462427	0.07523229776007523	AGE	TRBV28*01+CASSLSSNSYEQYF+20+(S[LF][RNKS][ST][ND]SYEQ)	1	1.1235956736682222	A\*01	RADIUS	cbind(MOTIF, M - MOTIF) ~ AGE+SEX+DAYS+HLA
-0.2999160841545801	0.16887307346494404	-1.775985229621814	0.07617726463328381	SEXMale	TRBV4-2*01+CASSQEGGRQGSYEQYF+28+(SQEGGR[AQ]?[G]?SYEQ)	1	1.1181746260042804	A\*01	RADIUS	cbind(MOTIF, M - MOTIF) ~ AGE+SEX+DAYS+HLA
-0.1480778431744152	0.08346081558063817	-1.774219939551697	0.07646896682011255	SEXMale	TRBV7-8*01+CASTLLGNQPQHF+22+([ST][LFY][ADILV]GNQPQ)	1	1.1165147775677742	A\*01	RADIUS	cbind(MOTIF, M - MOTIF) ~ AGE+SEX+DAYS+HLA
-0.24135646144831088	0.13691565312762294	-1.7628113070704612	0.07837624904602726	SEXMale	TRBV28*01+CASSLRSDEYTIYF+36+(SLRSD[ES]Y[ET][QI])	1	1.1058155249558066	A\*01	RADIUS	cbind(MOTIF, M - MOTIF) ~ AGE+SEX+DAYS+HLA
0.34081354346446124	0.1948660616432618	1.7489630600139245	0.08074333304324083	DAYS	TRBV28*01+CASSFKTDTYEQYF+22+(S.[RK][ST]D[QST]YEQ)	1	1.0928933271029333	A\*01	RADIUS	cbind(MOTIF, M - MOTIF) ~ AGE+SEX+DAYS+HLA
0.31711107506682507	0.18445958130313223	1.7191358281666032	0.08603944485262077	DAYS	TRBV4-2*01+CASSQEGGRQGSYEQYF+28+(SQEGGR[AQ]?[G]?SYEQ)	1	1.0653024004489318	A\*01	RADIUS	cbind(MOTIF, M - MOTIF) ~ AGE+SEX+DAYS+HLA
0.4323342081450523	0.25663786640929515	1.6846080206088934	0.0925177537397592	DAYS	TRBV19*01+CASSMRTDTYEQYF+16+(S[LM]RTD[ST]YEQ)	1	1.0337749201109951	A\*01	RADIUS	cbind(MOTIF, M - MOTIF) ~ AGE+SEX+DAYS+HLA
0.4617615879967223	0.2783523463463768	1.658910348907619	0.09758962149147418	DAYS	TRBV28*01+CASSFRSDHYEQYF+22+(S[LF][RK][ST][ND][AQHST]YEQ)	1	1.0105963664383129	A\*01	RADIUS	cbind(MOTIF, M - MOTIF) ~ AGE+SEX+DAYS+HLA
0.45405268167552687	0.2778190009941661	1.6343471110712886	0.10264343860770381	DAYS	TRBV28*01+CASSFKTDSYEQYF+16+([NS][RLFWY][RK][ST]D[ST]YEQ)	1	0.9886688073021009	A\*01	RADIUS	cbind(MOTIF, M - MOTIF) ~ AGE+SEX+DAYS+HLA
-0.238764320374925	0.14883430376174445	-1.604229094638972	0.10912248329935205	SEXMale	TRBV28*01+CASSEKTDTYEQYF+28+(S.[RK]TD[AQLST]YEQ)	1	0.9620857593395951	A\*01	RADIUS	cbind(MOTIF, M - MOTIF) ~ AGE+SEX+DAYS+HLA
0.2870096130718762	0.18078637112871074	1.587562222085535	0.1128448083638383	HLA	TRBV4-2*01+CASSQEKSRGYEQYF+26+(SQE[AGKF][GS]R[AG]YEQ)	1	0.9475184166553561	A\*01	RADIUS	cbind(MOTIF, M - MOTIF) ~ AGE+SEX+DAYS+HLA
-0.010740677331396612	0.0068052582518119045	-1.5782909235717688	0.11495843238297447	AGE	TRBV5-5*01+CASSPGQGAFTDTQYF+22+(S.G[QE]G[AS]F[ST]DTQ)	1	0.939459167038634	A\*01	RADIUS	cbind(MOTIF, M - MOTIF) ~ AGE+SEX+DAYS+HLA
0.38894447310222685	0.2504905445406636	1.5527311572396985	0.12094723381514583	DAYS	TRBV5-5*01+CASSPGQGAFTDTQYF+22+(S.G[QE]G[AS]F[ST]DTQ)	1	0.9174040599400172	A\*01	RADIUS	cbind(MOTIF, M - MOTIF) ~ AGE+SEX+DAYS+HLA
-0.1385877134512866	0.08960404010354939	-1.5466681333914192	0.12240312788855186	SEXMale	TRBV20-1*01+CSALGQVDNYGYTF+28+(L[G]?QVD[NI]YGY)	1	0.9122074840909368	A\*01	RADIUS	cbind(MOTIF, M - MOTIF) ~ AGE+SEX+DAYS+HLA
-0.1773880855162877	0.1163146532688998	-1.5250708361413112	0.1277009630092398	SEXMale	TRBV4-2*01+CASSQEKSRGYEQYF+26+(SQE[AGKF][GS]R[AG]YEQ)	1	0.8938058276541893	A\*01	RADIUS	cbind(MOTIF, M - MOTIF) ~ AGE+SEX+DAYS+HLA
0.534754326291277	0.35148369049841066	1.5214200281469248	0.128613911953558	DAYS	TRBV28*01+CASSLKTDQYEQYF+20+(S[LF][RK]TD.YEQ)	1	0.8907120519570484	A\*01	RADIUS	cbind(MOTIF, M - MOTIF) ~ AGE+SEX+DAYS+HLA
0.2814867352747705	0.19776072913856968	1.4233702338219767	0.1550821634753409	DAYS	TRBV28*01+CASSRRTDNYEQYF+22+(S.[RKPS]TD[NDHLS]YEQ)	1	0.8094381489928621	A\*01	RADIUS	cbind(MOTIF, M - MOTIF) ~ AGE+SEX+DAYS+HLA
0.3477717952963819	0.24591825659281816	1.4141764020074723	0.15776247092242973	SEXMale	TRBV28*01+CASSLKSNSYEQYF+16+(SL[RNKS][ST][ND]SYEQ)	1	0.8019963003011099	A\*01	RADIUS	cbind(MOTIF, M - MOTIF) ~ AGE+SEX+DAYS+HLA
0.31991461052506465	0.2274083337702455	1.4067849019477	0.15994272646889665	HLA	TRBV28*01+CASSLSSNSYEQYF+20+(S[LF][RNKS][ST][ND]SYEQ)	1	0.7960355050406234	A\*01	RADIUS	cbind(MOTIF, M - MOTIF) ~ AGE+SEX+DAYS+HLA
-0.01025541480657535	0.007438317699263171	-1.3787277205961823	0.16842681665489184	AGE	TRBV28*01+CASSFRSDHYEQYF+22+(S[LF][RK][ST][ND][AQHST]YEQ)	1	0.773588759641366	A\*01	RADIUS	cbind(MOTIF, M - MOTIF) ~ AGE+SEX+DAYS+HLA
-0.007014349745457127	0.005153248966309035	-1.3611509537605528	0.1739116303581631	AGE	TRBV28*01+CASSFRSNSYEQYF+20+(S[LF][RKS][QST][ND][AS]YEQ)	1	0.7596713735379664	A\*01	RADIUS	cbind(MOTIF, M - MOTIF) ~ AGE+SEX+DAYS+HLA
-0.1351660499123344	0.10113954376531284	-1.33643127979673	0.18185015168016555	SEXMale	TRBV19*01+CASSMVEGTSKLFF+36+(S[RIM]VEGT[GS][EKP]L)	1	0.7402863323665888	A\*01	RADIUS	cbind(MOTIF, M - MOTIF) ~ AGE+SEX+DAYS+HLA
0.19115545918755034	0.14790643685202962	1.292407979368663	0.19664978792661356	DAYS	TRBV28*01+CASSRRTDSYEQYF+22+([NS].[RGKPS][ST][ND][ANLST]YEQ)	1	0.7063065176109655	A\*01	RADIUS	cbind(MOTIF, M - MOTIF) ~ AGE+SEX+DAYS+HLA
-0.01003561075219806	0.007766519396730939	-1.2921632251922552	0.19673446951161971	AGE	TRBV28*01+CASSRSTDSYEQYF+20+(S[RL][RKPS]TDSYEQ)	1	0.7061195414167754	A\*01	RADIUS	cbind(MOTIF, M - MOTIF) ~ AGE+SEX+DAYS+HLA
0.15763696941888855	0.12278701944573528	1.2838243824996087	0.1996356039876936	DAYS	TRBV4-2*01+CASSQEKSRGYEQYF+26+(SQE[AGKF][GS]R[AG]YEQ)	1	0.6997620019440988	A\*01	RADIUS	cbind(MOTIF, M - MOTIF) ~ AGE+SEX+DAYS+HLA
-0.20792374729326288	0.178242210415989	-1.1665236130544043	0.24380699363434669	SEXMale	TRBV28*01+CASSFKTDTYEQYF+22+(S.[RK][ST]D[QST]YEQ)	1	0.6129538407469963	A\*01	RADIUS	cbind(MOTIF, M - MOTIF) ~ AGE+SEX+DAYS+HLA
0.3998102264511411	0.3431258758362608	1.1651998715536394	0.24434192026006835	DAYS	TRBV28*01+CASSLRSDSYEQYF+10+(SL[RK][ST][ND]SYEQ)	1	0.6120020173662507	A\*01	RADIUS	cbind(MOTIF, M - MOTIF) ~ AGE+SEX+DAYS+HLA
-0.18548337823117828	0.16090659120822706	-1.152739467279788	0.249417687313804	DAYS	TRBV19*01+CASSTGAYEQYF+10+(STGAYEQ)	1	0.6030727520186084	A\*01	RADIUS	cbind(MOTIF, M - MOTIF) ~ AGE+SEX+DAYS+HLA
-0.19139243074758738	0.16732970514471046	-1.1438042670431228	0.2531026277817608	SEXMale	TRBV28*01+CASSRKTDSYEQYF+22+(S.[RGKPS][ST][ND][ANLST]YEQ)	1	0.596703345852437	A\*01	RADIUS	cbind(MOTIF, M - MOTIF) ~ AGE+SEX+DAYS+HLA
0.2840089255234162	0.2549307292568684	1.1140631274672605	0.26564114458917243	DAYS	TRBV28*01+CASSLKSNSYEQYF+16+(SL[RNKS][ST][ND]SYEQ)	1	0.5757046571499127	A\*01	RADIUS	cbind(MOTIF, M - MOTIF) ~ AGE+SEX+DAYS+HLA
-0.4001103174491748	0.3826640970514335	-1.0455914744345518	0.2961168985413487	SEXMale	TRBV6-5*01+CASSYLDSQETQYF+10+(SYLDSQETQ)	1	0.5285368079641295	A\*01	RADIUS	cbind(MOTIF, M - MOTIF) ~ AGE+SEX+DAYS+HLA
-0.3595778206287612	0.3488017220106256	-1.0308946256228841	0.3029524954731255	DAYS	TRBV19*01+CASGRRTDSYEQYF+22+([GS]RRTDSYEQ)	1	0.51862546579249	A\*01	RADIUS	cbind(MOTIF, M - MOTIF) ~ AGE+SEX+DAYS+HLA
-0.004044739974649329	0.0039819581716444355	-1.0157665651668475	0.3100976321483684	AGE	TRBV28*01+CASSLRSDEYTIYF+36+(SLRSD[ES]Y[ET][QI])	1	0.5085015499472066	A\*01	RADIUS	cbind(MOTIF, M - MOTIF) ~ AGE+SEX+DAYS+HLA
-1.03359544984564	1.018891048984529	-1.0144317695947627	0.31073338042108256	HLA	TRBV6-5*01+CASSYLDSQETQYF+10+(SYLDSQETQ)	1	0.5076120903112051	A\*01	RADIUS	cbind(MOTIF, M - MOTIF) ~ AGE+SEX+DAYS+HLA
0.6027376001340721	0.6002573929728188	1.0041319060627807	0.31566806143125764	SEXMale	TRBV28*01+CASSRRDSSYEQYF+10+(SRRDSSYEQ)	1	0.5007693568022585	A\*01	RADIUS	cbind(MOTIF, M - MOTIF) ~ AGE+SEX+DAYS+HLA
-0.17221584077421517	0.1724328442745973	-0.9987415187559248	0.3182710535119736	SEXMale	TRBV28*01+CASSFRQNSYEQYF+20+(S[LF]R[QS]NSYEQ)	1	0.49720285830541117	A\*01	RADIUS	cbind(MOTIF, M - MOTIF) ~ AGE+SEX+DAYS+HLA
0.4170407538396776	0.41902539986932813	0.9952636617487401	0.3199579514619935	DAYS	TRBV6-5*01+CASSYLDSQETQYF+10+(SYLDSQETQ)	1	0.49490709245486253	A\*01	RADIUS	cbind(MOTIF, M - MOTIF) ~ AGE+SEX+DAYS+HLA
-0.13622942741916105	0.1393585874811237	-0.9775459832183898	0.3286425199975803	SEXMale	TRBV28*01+CASSRRTDSYEQYF+22+([NS].[RGKPS][ST][ND][ANLST]YEQ)	1	0.48327624794391744	A\*01	RADIUS	cbind(MOTIF, M - MOTIF) ~ AGE+SEX+DAYS+HLA
0.31297662299182344	0.3275131911291272	0.9556153201427161	0.3396022659882225	SEXMale	TRBV28*01+CASSLRSDSYEQYF+10+(SL[RK][ST][ND]SYEQ)	1	0.4690294205985859	A\*01	RADIUS	cbind(MOTIF, M - MOTIF) ~ AGE+SEX+DAYS+HLA
-0.014979266243805607	0.01582194924393224	-0.9467396218294781	0.3441038655569614	AGE	TRBV28*01+CASSRRDSSYEQYF+10+(SRRDSSYEQ)	1	0.4633104486210685	A\*01	RADIUS	cbind(MOTIF, M - MOTIF) ~ AGE+SEX+DAYS+HLA
-0.42484626326069597	0.46256862080216893	-0.9184502453364513	0.3587050648982645	HLA	TRBV19*01+CASSMRTDTYEQYF+16+(S[LM]RTD[ST]YEQ)	1	0.44526249106354254	A\*01	RADIUS	cbind(MOTIF, M - MOTIF) ~ AGE+SEX+DAYS+HLA
-0.1403281889240781	0.15284814732962643	-0.9180889096513009	0.35889405391334683	SEXMale	TRBV28*01+CASSLSSNSYEQYF+20+(S[LF][RNKS][ST][ND]SYEQ)	1	0.4450337369133866	A\*01	RADIUS	cbind(MOTIF, M - MOTIF) ~ AGE+SEX+DAYS+HLA
0.5972820557965469	0.6571076988513909	0.908956106952608	0.3636915896028998	DAYS	TRBV28*01+CASSRRDSSYEQYF+10+(SRRDSSYEQ)	1	0.4392667419237981	A\*01	RADIUS	cbind(MOTIF, M - MOTIF) ~ AGE+SEX+DAYS+HLA
-0.20672551448139226	0.2296265130523337	-0.900268491357868	0.3682923900792999	SEXMale	TRBV19*01+CASSMRTDTYEQYF+16+(S[LM]RTD[ST]YEQ)	1	0.4338072547554919	A\*01	RADIUS	cbind(MOTIF, M - MOTIF) ~ AGE+SEX+DAYS+HLA
-0.006279596417288495	0.007039338239082861	-0.892071982338307	0.3726662390366079	AGE	TRBV28*01+CASSLKTNSYEQYF+16+(SL[RK][ST][ND]SYEQ)	1	0.4286799495167035	A\*01	RADIUS	cbind(MOTIF, M - MOTIF) ~ AGE+SEX+DAYS+HLA
-0.1800829017825427	0.20271449147714735	-0.888357317083293	0.3746590478277432	SEXMale	TRBV28*01+CASSLKTDAYEQYF+20+(SL[RK][ST][ND].YEQ)	1	0.42636377494572825	A\*01	RADIUS	cbind(MOTIF, M - MOTIF) ~ AGE+SEX+DAYS+HLA
0.2323287044716164	0.2650963478710493	0.8763934559544666	0.3811220628918611	HLA	TRBV4-2*01+CASSQEGGRQGSYEQYF+28+(SQEGGR[AQ]?[G]?SYEQ)	1	0.41893590949379156	A\*01	RADIUS	cbind(MOTIF, M - MOTIF) ~ AGE+SEX+DAYS+HLA
-0.15518488933319247	0.18057226353605074	-0.8594060144913133	0.39041589156592227	HLA	TRBV19*01+CASSMVEGTSKLFF+36+(S[RIM]VEGT[GS][EKP]L)	1	0.4084725130367892	A\*01	RADIUS	cbind(MOTIF, M - MOTIF) ~ AGE+SEX+DAYS+HLA
0.13472020286296396	0.16087105783898722	0.8374421395164993	0.40263489420839804	DAYS	TRBV28*01+CASSLSSNSYEQYF+20+(S[LF][RNKS][ST][ND]SYEQ)	1	0.3950885898411422	A\*01	RADIUS	cbind(MOTIF, M - MOTIF) ~ AGE+SEX+DAYS+HLA
0.14444863197907173	0.17672583157833258	0.8173600355364339	0.4140056606233734	DAYS	TRBV28*01+CASSRKTDSYEQYF+22+(S.[RGKPS][ST][ND][ANLST]YEQ)	1	0.38299372080980476	A\*01	RADIUS	cbind(MOTIF, M - MOTIF) ~ AGE+SEX+DAYS+HLA
0.12433938237256882	0.15669513949395658	0.7935114182489645	0.42775349725338907	DAYS	TRBV28*01+CASSEKTDTYEQYF+28+(S.[RK]TD[AQLST]YEQ)	1	0.36880643104077265	A\*01	RADIUS	cbind(MOTIF, M - MOTIF) ~ AGE+SEX+DAYS+HLA
0.24864076851637856	0.31460738470217825	0.7903208271851384	0.429612746918019	SEXMale	TRBV28*01+CASSFKSDSYEQYF+16+(S[LF][RK][ST][ND][AS]YEQ)	1	0.3669228412888807	A\*01	RADIUS	cbind(MOTIF, M - MOTIF) ~ AGE+SEX+DAYS+HLA
0.19473731167744412	0.2511962041519886	0.7752398661232018	0.4384643042943954	HLA	TRBV19*01+CASSTGAYEQYF+10+(STGAYEQ)	1	0.3580657570960878	A\*01	RADIUS	cbind(MOTIF, M - MOTIF) ~ AGE+SEX+DAYS+HLA
0.1621750321069254	0.21507616462320742	0.7540353548290223	0.45108597918473703	DAYS	TRBV28*01+CASSLKTDAYEQYF+20+(SL[RK][ST][ND].YEQ)	1	0.3457406715884617	A\*01	RADIUS	cbind(MOTIF, M - MOTIF) ~ AGE+SEX+DAYS+HLA
-0.11378788038916095	0.1580201248078706	-0.7200847393805719	0.47171737893369603	SEXMale	TRBV19*01+CASSTGAYEQYF+10+(STGAYEQ)	1	0.3263181232540425	A\*01	RADIUS	cbind(MOTIF, M - MOTIF) ~ AGE+SEX+DAYS+HLA
0.1506859830329817	0.22015874630070117	0.6844424106011626	0.49392633103408834	SEXMale	TRBV28*01+CASSLKTDSYEQYF+16+(S[RLMF][RGKS][ST][ND][ANQS]YEQ)	1	0.3063378211395394	A\*01	RADIUS	cbind(MOTIF, M - MOTIF) ~ AGE+SEX+DAYS+HLA
-0.23819174111556998	0.3516479988389859	-0.677358443392235	0.49840625824832274	SEXMale	TRBV19*01+CASGRRTDSYEQYF+22+([GS]RRTDSYEQ)	1	0.3024165130871511	A\*01	RADIUS	cbind(MOTIF, M - MOTIF) ~ AGE+SEX+DAYS+HLA
-0.0061785629796585195	0.00917462795106641	-0.6734401670141137	0.5008934614065086	AGE	TRBV28*01+CASSFKSDSYEQYF+16+(S[LF][RK][ST][ND][AS]YEQ)	1	0.3002546374931709	A\*01	RADIUS	cbind(MOTIF, M - MOTIF) ~ AGE+SEX+DAYS+HLA
-0.10813245090727944	0.16551179836772287	-0.6533217086254969	0.5137671690319108	SEXMale	TRBV4-2*01+CASSQEGGRAYEQYF+16+(SQEG[GS][RV][AGS]YEQ)	1	0.28923365165362985	A\*01	RADIUS	cbind(MOTIF, M - MOTIF) ~ AGE+SEX+DAYS+HLA
0.0516960892017723	0.08687753806008913	0.5950455129842254	0.5520087037180024	DAYS	TRBV7-8*01+CASTLLGNQPQHF+22+([ST][LFY][ADILV]GNQPQ)	1	0.25805407454090945	A\*01	RADIUS	cbind(MOTIF, M - MOTIF) ~ AGE+SEX+DAYS+HLA
0.30087756916521574	0.5361211542046607	0.5612118954932298	0.5748358350264883	SEXMale	TRBV28*01+CASSLKSDSYEQYF+10+(SL[RK][ST][ND]SYEQ)	1	0.24045616595681232	A\*01	RADIUS	cbind(MOTIF, M - MOTIF) ~ AGE+SEX+DAYS+HLA
0.0937991891920464	0.1733039307693189	0.5412409792187602	0.5885167010592507	DAYS	TRBV4-2*01+CASSQEGGRAYEQYF+16+(SQEG[GS][RV][AGS]YEQ)	1	0.23024120813922555	A\*01	RADIUS	cbind(MOTIF, M - MOTIF) ~ AGE+SEX+DAYS+HLA
0.04645913737540619	0.08728412004759793	0.5322747980969621	0.5947075302813989	DAYS	TRBV19*01+CASSILLAGGPGDTQYF+34+(S[ILMTV][ILT]L[AS]GGP[EGST][ND][EIT]Q)	1	0.22569656236005714	A\*01	RADIUS	cbind(MOTIF, M - MOTIF) ~ AGE+SEX+DAYS+HLA
-0.38492496357578965	0.724168631168186	-0.5315405100533718	0.5952158482992682	HLA	TRBV19*01+CASGRRTDSYEQYF+22+([GS]RRTDSYEQ)	1	0.2253255137234557	A\*01	RADIUS	cbind(MOTIF, M - MOTIF) ~ AGE+SEX+DAYS+HLA
0.09091821182436158	0.18251331558680367	0.498145636837772	0.6185405920702347	DAYS	TRBV28*01+CASSFRSNSYEQYF+20+(S[LF][RKS][QST][ND][AS]YEQ)	1	0.208631794282806	A\*01	RADIUS	cbind(MOTIF, M - MOTIF) ~ AGE+SEX+DAYS+HLA
0.0036600724948559656	0.007350598942616154	0.4979284713298897	0.6186935750563414	AGE	TRBV28*01+CASSLKSNSYEQYF+16+(SL[RNKS][ST][ND]SYEQ)	1	0.2085243939720239	A\*01	RADIUS	cbind(MOTIF, M - MOTIF) ~ AGE+SEX+DAYS+HLA
0.13408426794903583	0.27315087129306576	0.4908798837590957	0.6236679380142479	SEXMale	TRBV28*01+CASSQHSNSYEQYF+22+(S[RQELF][NDHT][ST][ND]SYEQ)	1	0.20504658190910788	A\*01	RADIUS	cbind(MOTIF, M - MOTIF) ~ AGE+SEX+DAYS+HLA
-0.041051247694311614	0.08401557327099582	-0.4886147424347039	0.6252701780429779	SEXMale	TRBV19*01+CASSILLAGGPGDTQYF+34+(S[ILMTV][ILT]L[AS]GGP[EGST][ND][EIT]Q)	1	0.20393228428946958	A\*01	RADIUS	cbind(MOTIF, M - MOTIF) ~ AGE+SEX+DAYS+HLA
0.11770934785281574	0.2579265395220393	0.4563677242014008	0.6482696005840416	DAYS	TRBV28*01+CASGIKTDSYEQYF+28+([GS].[ARQK][ST][ND][AS]YEQ)	1	0.18824434336416054	A\*01	RADIUS	cbind(MOTIF, M - MOTIF) ~ AGE+SEX+DAYS+HLA
0.13240168532416324	0.315460302206211	0.41970949878065644	0.6748287125582688	SEXMale	TRBV28*01+CASSLKTDQYEQYF+20+(S[LF][RK]TD.YEQ)	1	0.17080644736279726	A\*01	RADIUS	cbind(MOTIF, M - MOTIF) ~ AGE+SEX+DAYS+HLA
0.043824537218444884	0.10505534967833205	0.4171566450697733	0.6766939673845929	DAYS	TRBV19*01+CASSMVEGTSKLFF+36+(S[RIM]VEGT[GS][EKP]L)	1	0.1696076951631408	A\*01	RADIUS	cbind(MOTIF, M - MOTIF) ~ AGE+SEX+DAYS+HLA
-0.0037045045214459072	0.009769254611431877	-0.3792003247730831	0.704656112799962	AGE	TRBV19*01+CASGRRTDSYEQYF+22+([GS]RRTDSYEQ)	1	0.15202277627105054	A\*01	RADIUS	cbind(MOTIF, M - MOTIF) ~ AGE+SEX+DAYS+HLA
0.06236940510530199	0.17868513734168845	0.34904640661879377	0.7271612677138644	DAYS	TRBV28*01+CASSFRQNSYEQYF+20+(S[LF]R[QS]NSYEQ)	1	0.13836926189021964	A\*01	RADIUS	cbind(MOTIF, M - MOTIF) ~ AGE+SEX+DAYS+HLA
0.030172929349998472	0.09215657497751453	0.32740940467199897	0.7434578507353558	DAYS	TRBV20-1*01+CSALGQVDNYGYTF+28+(L[G]?QVD[NI]YGY)	1	0.12874364813992162	A\*01	RADIUS	cbind(MOTIF, M - MOTIF) ~ AGE+SEX+DAYS+HLA
-0.07788119400074195	0.2496769042764134	-0.31192790629333056	0.7551898192847534	SEXMale	TRBV28*01+CASSFRSDHYEQYF+22+(S[LF][RK][ST][ND][AQHST]YEQ)	1	0.12194387339517805	A\*01	RADIUS	cbind(MOTIF, M - MOTIF) ~ AGE+SEX+DAYS+HLA
-0.003350702102844391	0.011016054716365551	-0.3041653467703422	0.7610938959225858	AGE	TRBV6-5*01+CASSYLDSQETQYF+10+(SYLDSQETQ)	1	0.11856176114593917	A\*01	RADIUS	cbind(MOTIF, M - MOTIF) ~ AGE+SEX+DAYS+HLA
0.042167296511811794	0.18604101195325956	0.22665591887022088	0.8207586319084541	SEXMale	TRBV28*01+CASSLRTDHYEQYF+22+(S[RLMF][RK][ST][ND].YEQ)	1	0.08578454110487042	A\*01	RADIUS	cbind(MOTIF, M - MOTIF) ~ AGE+SEX+DAYS+HLA
0.0399096878199759	0.18421619325375677	0.21664592626230492	0.828548514312494	SEXMale	TRBV28*01+CASSRRTDNYEQYF+22+(S.[RKPS]TD[NDHLS]YEQ)	1	0.08168205709213715	A\*01	RADIUS	cbind(MOTIF, M - MOTIF) ~ AGE+SEX+DAYS+HLA
0.054282316381952495	0.2518297528956119	0.21555164057383452	0.8294011393170424	SEXMale	TRBV28*01+CASGHQTDSYEQYF+32+([GS][GHIY][RQK]TD[AST]YEQ)	1	0.0812353723976522	A\*01	RADIUS	cbind(MOTIF, M - MOTIF) ~ AGE+SEX+DAYS+HLA
0.0441848308690612	0.23177809443216163	0.19063419680496818	0.8488684333889833	SEXMale	TRBV28*01+CASSLKTNSYEQYF+16+(SL[RK][ST][ND]SYEQ)	1	0.07115961609399198	A\*01	RADIUS	cbind(MOTIF, M - MOTIF) ~ AGE+SEX+DAYS+HLA
0.06718456508887696	0.4329298920903617	0.1551857848495574	0.8767203710540128	HLA	TRBV28*01+CASSQHSNSYEQYF+22+(S[RQELF][NDHT][ST][ND]SYEQ)	1	0.057138902270158144	A\*01	RADIUS	cbind(MOTIF, M - MOTIF) ~ AGE+SEX+DAYS+HLA
-0.03800447685918958	0.25725751575003586	-0.14772931608387532	0.8825996773665332	DAYS	TRBV28*01+CASGHQTDSYEQYF+32+([GS][GHIY][RQK]TD[AST]YEQ)	1	0.05423623564472917	A\*01	RADIUS	cbind(MOTIF, M - MOTIF) ~ AGE+SEX+DAYS+HLA
0.03759201578904099	0.2789291040805421	0.13477265455305845	0.8928310443434542	DAYS	TRBV28*01+CASSQHSNSYEQYF+22+(S[RQELF][NDHT][ST][ND]SYEQ)	1	0.04923071742905712	A\*01	RADIUS	cbind(MOTIF, M - MOTIF) ~ AGE+SEX+DAYS+HLA
-0.0021089026818769756	0.01573460974711207	-0.1340295511468941	0.8934184029953177	AGE	TRBV28*01+CASSLKSDSYEQYF+10+(SL[RK][ST][ND]SYEQ)	1	0.048945105997824846	A\*01	RADIUS	cbind(MOTIF, M - MOTIF) ~ AGE+SEX+DAYS+HLA
0.03176650444757316	0.2672036796602162	0.11888498125463075	0.905401183423444	SEXMale	TRBV28*01+CASSRSTDSYEQYF+20+(S[RL][RKPS]TDSYEQ)	1	0.04315894218676212	A\*01	RADIUS	cbind(MOTIF, M - MOTIF) ~ AGE+SEX+DAYS+HLA
0.02841524085103874	0.24748687781573908	0.11481514131910736	0.9086251467229097	SEXMale	TRBV28*01+CASGIKTDSYEQYF+28+([GS].[ARQK][ST][ND][AS]YEQ)	1	0.04161524800579443	A\*01	RADIUS	cbind(MOTIF, M - MOTIF) ~ AGE+SEX+DAYS+HLA
-0.02479916816070242	0.25067011226418295	-0.09893149181888268	0.9212214818608188	SEXMale	TRBV28*01+CASSFKTDSYEQYF+16+([NS][RLFWY][RK][ST]D[ST]YEQ)	1	0.035635943325221256	A\*01	RADIUS	cbind(MOTIF, M - MOTIF) ~ AGE+SEX+DAYS+HLA
-7.064527247865961e-4	0.007710271495147356	-0.09162488314856604	0.9270227513446885	AGE	TRBV28*01+CASSRSSNAYEQYF+22+(S[RLF][DST]SN[AS]YEQ)	1	0.032909607104473666	A\*01	RADIUS	cbind(MOTIF, M - MOTIF) ~ AGE+SEX+DAYS+HLA
-0.015184719974022834	0.16985445534428836	-0.08939842021361169	0.9287912963184426	SEXMale	TRBV28*01+CASSVATDSYEQYF+22+(S[RLMV][ARGKS]TDSYEQ)	1	0.03208186301386622	A\*01	RADIUS	cbind(MOTIF, M - MOTIF) ~ AGE+SEX+DAYS+HLA
-0.009531396204409048	0.1512059133524708	-0.06303586938554939	0.9497562502506413	HLA	TRBV20-1*01+CSALGQVDNYGYTF+28+(L[G]?QVD[NI]YGY)	1	0.02238783971540342	A\*01	RADIUS	cbind(MOTIF, M - MOTIF) ~ AGE+SEX+DAYS+HLA
-4.914467290409194e-4	0.008065067270878799	-0.06093522999063213	0.9514284884579716	AGE	TRBV28*01+CASSQHSNSYEQYF+22+(S[RQELF][NDHT][ST][ND]SYEQ)	1	0.02162384871718801	A\*01	RADIUS	cbind(MOTIF, M - MOTIF) ~ AGE+SEX+DAYS+HLA
0.007890434346712334	0.14287101425654894	0.055227677830744115	0.9559731124026498	HLA	TRBV19*01+CASSILLAGGPGDTQYF+34+(S[ILMTV][ILT]L[AS]GGP[EGST][ND][EIT]Q)	1	0.019554322472199306	A\*01	RADIUS	cbind(MOTIF, M - MOTIF) ~ AGE+SEX+DAYS+HLA
0.013049827744013502	0.2658890709775738	0.049079970440432955	0.9608698096571147	DAYS	TRBV28*01+CASSRSSNAYEQYF+22+(S[RLF][DST]SN[AS]YEQ)	1	0.017335451850463236	A\*01	RADIUS	cbind(MOTIF, M - MOTIF) ~ AGE+SEX+DAYS+HLA
0.004051638788776582	0.13267745495288838	0.03053750759852345	0.9756472368026889	HLA	TRBV20-1*01+CSALRQVQAYGYTF+36+([QL][RG]QV[DQ][ANIY]YGY)	1	0.010707181107256868	A\*01	RADIUS	cbind(MOTIF, M - MOTIF) ~ AGE+SEX+DAYS+HLA
0.005073742493957644	0.1763335940283999	0.028773544382816117	0.9770535448810658	SEXMale	TRBV28*01+CASSFRSNSYEQYF+20+(S[LF][RKS][QST][ND][AS]YEQ)	1	0.010081635248294368	A\*01	RADIUS	cbind(MOTIF, M - MOTIF) ~ AGE+SEX+DAYS+HLA
2.7563793828006884	0.45568964517931543	6.048808464181897	2.3949449361346504e-9	HLA	TRBV4-2*01+CASSQEGGRAYEQYF+16+(SQEG[GS][RV][AGS]YEQ)	1	8.62070446730486	A\*01	EXACT	cbind(MOTIF, M - MOTIF) ~ AGE+SEX+DAYS+HLA
3.186643087552227	0.8081515715099078	3.943125522355257	8.866132633277794e-5	HLA	TRBV5-5*01+CASSPGQGAFTDTQYF+22+(S.G[QE]G[AS]F[ST]DTQ)	1	4.052265776141827	A\*01	EXACT	cbind(MOTIF, M - MOTIF) ~ AGE+SEX+DAYS+HLA
2.887315794176112	0.7387615564124149	3.9083189550327155	1.0213069132669501e-4	HLA	TRBV28*01+CASSRRTDSYEQYF+22+([NS].[RGKPS][ST][ND][ANLST]YEQ)	1	3.990843728325791	A\*01	EXACT	cbind(MOTIF, M - MOTIF) ~ AGE+SEX+DAYS+HLA
2.8574127831849854	0.7365382683653768	3.8795170677642234	1.1471747232580699e-4	HLA	TRBV28*01+CASSLRSDSYEQYF+10+(SL[RK][ST][ND]SYEQ)	1	3.9403704307753675	A\*01	EXACT	cbind(MOTIF, M - MOTIF) ~ AGE+SEX+DAYS+HLA
-0.02494452802522028	0.006748412910697255	-3.6963547363379963	2.3611894929579896e-4	AGE	TRBV19*01+CASSTGAYEQYF+10+(STGAYEQ)	1	3.626869158010778	A\*01	EXACT	cbind(MOTIF, M - MOTIF) ~ AGE+SEX+DAYS+HLA
2.6336671932278466	0.777115553701629	3.389029058397967	7.414173981789959e-4	HLA	TRBV28*01+CASSLKTDSYEQYF+16+(S[RLMF][RGKS][ST][ND][ANQS]YEQ)	1	3.129937226986684	A\*01	EXACT	cbind(MOTIF, M - MOTIF) ~ AGE+SEX+DAYS+HLA
2.5984899840406768	0.7737619206864242	3.3582551875071456	8.275844636684116e-4	HLA	TRBV19*01+CASSILLAGGPGDTQYF+34+(S[ILMTV][ILT]L[AS]GGP[EGST][ND][EIT]Q)	1	3.082187670986501	A\*01	EXACT	cbind(MOTIF, M - MOTIF) ~ AGE+SEX+DAYS+HLA
3.3457483026091297	1.170633692370197	2.8580659555722767	0.004391171392807217	HLA	TRBV28*01+CASSLSSNSYEQYF+20+(S[LF][RNKS][ST][ND]SYEQ)	1	2.3574196115183064	A\*01	EXACT	cbind(MOTIF, M - MOTIF) ~ AGE+SEX+DAYS+HLA
-0.03870971793246444	0.014062190178986972	-2.7527517008202667	0.006065479341726458	AGE	TRBV4-2*01+CASSQEGGRAYEQYF+16+(SQEG[GS][RV][AGS]YEQ)	1	2.2171348720866577	A\*01	EXACT	cbind(MOTIF, M - MOTIF) ~ AGE+SEX+DAYS+HLA
-0.054469358823848714	0.024184762407207277	-2.252218066348105	0.024622966423135627	AGE	TRBV5-5*01+CASSPGQGAFTDTQYF+22+(S.G[QE]G[AS]F[ST]DTQ)	1	1.608659627132063	A\*01	EXACT	cbind(MOTIF, M - MOTIF) ~ AGE+SEX+DAYS+HLA
1.4783499789205663	0.7153398336268043	2.0666400910812794	0.03914169051950715	HLA	TRBV28*01+CASSRRDSSYEQYF+10+(SRRDSSYEQ)	1	1.407360421206411	A\*01	EXACT	cbind(MOTIF, M - MOTIF) ~ AGE+SEX+DAYS+HLA
-0.09571525475876216	0.053500779210808105	-1.7890441255372591	0.07404751510516036	AGE	TRBV28*01+CASSFKTDTYEQYF+22+(S.[RK][ST]D[QST]YEQ)	1	1.1304895110013051	A\*01	EXACT	cbind(MOTIF, M - MOTIF) ~ AGE+SEX+DAYS+HLA
-1.092972362452636	0.7027231182159365	-1.555338559555944	0.12032531748803627	SEXMale	TRBV6-5*01+CASSYLDSQETQYF+10+(SYLDSQETQ)	1	0.91964298372814135	A\*01	EXACT	cbind(MOTIF, M - MOTIF) ~ AGE+SEX+DAYS+HLA
1.5247124061048465	1.0835194278426632	1.4071851107834945	0.1598240960367062	SEXMale	TRBV5-5*01+CASSPGQGAFTDTQYF+22+(S.G[QE]G[AS]F[ST]DTQ)	1	0.7963577432518679	A\*01	EXACT	cbind(MOTIF, M - MOTIF) ~ AGE+SEX+DAYS+HLA
-0.0311878856280212	0.022405684329885114	-1.391963091545578	0.16438337181928517	AGE	TRBV28*01+CASSRRTDSYEQYF+22+([NS].[RGKPS][ST][ND][ANLST]YEQ)	1	0.7841421155816289	A\*01	EXACT	cbind(MOTIF, M - MOTIF) ~ AGE+SEX+DAYS+HLA
-0.0707768779524584	0.05128409917489803	-1.380094007522345	0.16800598094864813	AGE	TRBV28*01+CASSLKTNSYEQYF+16+(SL[RK][ST][ND]SYEQ)	1	0.7746752572815241	A\*01	EXACT	cbind(MOTIF, M - MOTIF) ~ AGE+SEX+DAYS+HLA
1.4694881773120247	1.0728927164730995	1.36965062279726	0.1712428459460461	DAYS	TRBV28*01+CASSLRSDSYEQYF+10+(SL[RK][ST][ND]SYEQ)	1	0.7663875630825718	A\*01	EXACT	cbind(MOTIF, M - MOTIF) ~ AGE+SEX+DAYS+HLA
1.0563549344659833	0.8139690308736671	1.2977827096593013	0.19479694413597173	SEXMale	TRBV28*01+CASSRRDSSYEQYF+10+(SRRDSSYEQ)	1	0.7104178603695933	A\*01	EXACT	cbind(MOTIF, M - MOTIF) ~ AGE+SEX+DAYS+HLA
1.5444711494986039	1.2364375689996887	1.249129910172596	0.21204238248465346	HLA	TRBV28*01+CASSFKTDSYEQYF+16+([NS][RLFWY][RK][ST]D[ST]YEQ)	1	0.673577324733645	A\*01	EXACT	cbind(MOTIF, M - MOTIF) ~ AGE+SEX+DAYS+HLA
-1.4035747881363831	1.1546050607979232	-1.2156319383932044	0.22454211924530787	DAYS	TRBV19*01+CASSMRTDTYEQYF+16+(S[LM]RTD[ST]YEQ)	1	0.6487021827670926	A\*01	EXACT	cbind(MOTIF, M - MOTIF) ~ AGE+SEX+DAYS+HLA
-0.028298775546937265	0.023921742916629754	-1.1829729817581442	0.23722847820465748	AGE	TRBV28*01+CASSLKTDSYEQYF+16+(S[RLMF][RGKS][ST][ND][ANQS]YEQ)	1	0.6248331770921312	A\*01	EXACT	cbind(MOTIF, M - MOTIF) ~ AGE+SEX+DAYS+HLA
-0.048209820342731635	0.04086226001995018	-1.1798128718087095	0.23848243154311938	AGE	TRBV28*01+CASSFRSNSYEQYF+20+(S[LF][RKS][QST][ND][AS]YEQ)	1	0.6225436089295695	A\*01	EXACT	cbind(MOTIF, M - MOTIF) ~ AGE+SEX+DAYS+HLA
1.2300190865112577	1.074406619288953	1.144835730186854	0.2526753149790677	DAYS	TRBV5-5*01+CASSPGQGAFTDTQYF+22+(S.G[QE]G[AS]F[ST]DTQ)	1	0.5974371842456194	A\*01	EXACT	cbind(MOTIF, M - MOTIF) ~ AGE+SEX+DAYS+HLA
-0.0267648870750298	0.0238198016691288	-1.1236402152633338	0.2615576012162707	AGE	TRBV19*01+CASSILLAGGPGDTQYF+34+(S[ILMTV][ILT]L[AS]GGP[EGST][ND][EIT]Q)	1	0.5824326542704068	A\*01	EXACT	cbind(MOTIF, M - MOTIF) ~ AGE+SEX+DAYS+HLA
0.5769333654610306	0.5179343569800138	1.113912135169078	0.26570587607665813	DAYS	TRBV4-2*01+CASSQEGGRAYEQYF+16+(SQEG[GS][RV][AGS]YEQ)	1	0.5755988410754224	A\*01	EXACT	cbind(MOTIF, M - MOTIF) ~ AGE+SEX+DAYS+HLA
1.1104582653618824	1.0805774099173955	1.027652674551813	0.3044743909686895	SEXMale	TRBV28*01+CASSLKTDSYEQYF+16+(S[RLMF][RGKS][ST][ND][ANQS]YEQ)	1	0.5164492295621276	A\*01	EXACT	cbind(MOTIF, M - MOTIF) ~ AGE+SEX+DAYS+HLA
0.43696599032146005	0.4894446140480527	0.8927792395291526	0.37228756349130165	SEXMale	TRBV4-2*01+CASSQEGGRAYEQYF+16+(SQEG[GS][RV][AGS]YEQ)	1	0.4291214714295115	A\*01	EXACT	cbind(MOTIF, M - MOTIF) ~ AGE+SEX+DAYS+HLA
-0.5690983276692655	0.7158493545564724	-0.7949973329540386	0.4268892167876086	SEXMale	TRBV28*01+CASSLRSDSYEQYF+10+(SL[RK][ST][ND]SYEQ)	1	0.36968481532672937	A\*01	EXACT	cbind(MOTIF, M - MOTIF) ~ AGE+SEX+DAYS+HLA
-1.028572614545451	1.4194617912766532	-0.7246215578795965	0.46893057988143194	DAYS	TRBV28*01+CASSFRSNSYEQYF+20+(S[LF][RKS][QST][ND][AS]YEQ)	1	0.32889144514401614	A\*01	EXACT	cbind(MOTIF, M - MOTIF) ~ AGE+SEX+DAYS+HLA
0.7930158276790049	1.1716507650120687	0.6768363503529453	0.49873728655955685	HLA	TRBV20-1*01+CSALGQVDNYGYTF+28+(L[G]?QVD[NI]YGY)	1	0.30212816187643005	A\*01	EXACT	cbind(MOTIF, M - MOTIF) ~ AGE+SEX+DAYS+HLA
-0.01738754695941458	0.02636312598845243	-0.6595404113696786	0.5097695089955292	AGE	TRBV19*01+CASSMRTDTYEQYF+16+(S[LM]RTD[ST]YEQ)	1	0.2926261446827726	A\*01	EXACT	cbind(MOTIF, M - MOTIF) ~ AGE+SEX+DAYS+HLA
0.7122538943361214	1.1859834808688383	0.6005597091574431	0.5483310568347173	SEXMale	TRBV28*01+CASSLSSNSYEQYF+20+(S[LF][RNKS][ST][ND]SYEQ)	1	0.26095715548444015	A\*01	EXACT	cbind(MOTIF, M - MOTIF) ~ AGE+SEX+DAYS+HLA
0.39529021010493143	0.6950521083448047	0.5687202518474112	0.56973159270412	DAYS	TRBV6-5*01+CASSYLDSQETQYF+10+(SYLDSQETQ)	1	0.24432969741773516	A\*01	EXACT	cbind(MOTIF, M - MOTIF) ~ AGE+SEX+DAYS+HLA
0.012768307757356075	0.022807071899704545	0.5598398520207007	0.57577089873423	AGE	TRBV28*01+CASSLRSDSYEQYF+10+(SL[RK][ST][ND]SYEQ)	1	0.23975028950748542	A\*01	EXACT	cbind(MOTIF, M - MOTIF) ~ AGE+SEX+DAYS+HLA
0.46080969339792466	0.8498537415368406	0.5422223505948393	0.5878409142481567	SEXMale	TRBV19*01+CASSILLAGGPGDTQYF+34+(S[ILMTV][ILT]L[AS]GGP[EGST][ND][EIT]Q)	1	0.23074018993093248	A\*01	EXACT	cbind(MOTIF, M - MOTIF) ~ AGE+SEX+DAYS+HLA
0.022439752562874504	0.043411419249148944	0.5169089827284193	0.6053858195257236	AGE	TRBV7-8*01+CASTLLGNQPQHF+22+([ST][LFY][ADILV]GNQPQ)	1	0.21796775611459024	A\*01	EXACT	cbind(MOTIF, M - MOTIF) ~ AGE+SEX+DAYS+HLA
0.015460541651667452	0.03276568873661618	0.4718515693640845	0.6371823469296216	AGE	TRBV20-1*01+CSALGQVDNYGYTF+28+(L[G]?QVD[NI]YGY)	1	0.19573626478750153	A\*01	EXACT	cbind(MOTIF, M - MOTIF) ~ AGE+SEX+DAYS+HLA
0.36777112394623684	0.8176333857275246	0.4497995438615763	0.6529966652363979	SEXMale	TRBV28*01+CASSRRTDSYEQYF+22+([NS].[RGKPS][ST][ND][ANLST]YEQ)	1	0.18508903660108061	A\*01	EXACT	cbind(MOTIF, M - MOTIF) ~ AGE+SEX+DAYS+HLA
0.5598043952932337	1.2558379707584986	0.44576164149195463	0.6559096704092944	SEXMale	TRBV28*01+CASSLKSNSYEQYF+16+(SL[RNKS][ST][ND]SYEQ)	1	0.18315596602671286	A\*01	EXACT	cbind(MOTIF, M - MOTIF) ~ AGE+SEX+DAYS+HLA
-0.013054532521813522	0.03482412907531097	-0.37487032320554736	0.70787243564402	AGE	TRBV28*01+CASSFKTDSYEQYF+16+([NS][RLFWY][RK][ST]D[ST]YEQ)	1	0.15004499864836549	A\*01	EXACT	cbind(MOTIF, M - MOTIF) ~ AGE+SEX+DAYS+HLA
0.40973371584987595	1.242757158057178	0.3296973291953669	0.7417290251976774	SEXMale	TRBV28*01+CASSFKTDSYEQYF+16+([NS][RLFWY][RK][ST]D[ST]YEQ)	1	0.1297547259274714	A\*01	EXACT	cbind(MOTIF, M - MOTIF) ~ AGE+SEX+DAYS+HLA
0.13062455698922304	0.3992576048333673	0.3271686134663359	0.7436398754994998	HLA	TRBV19*01+CASSTGAYEQYF+10+(STGAYEQ)	1	0.12863733051245477	A\*01	EXACT	cbind(MOTIF, M - MOTIF) ~ AGE+SEX+DAYS+HLA
0.25330406317008847	0.8483556909337908	0.29858238222139466	0.7653488667299719	DAYS	TRBV19*01+CASSILLAGGPGDTQYF+34+(S[ILMTV][ILT]L[AS]GGP[EGST][ND][EIT]Q)	1	0.11614055653381407	A\*01	EXACT	cbind(MOTIF, M - MOTIF) ~ AGE+SEX+DAYS+HLA
0.011112652396205593	0.03741169360525188	0.2970368707030572	0.7665280160226035	AGE	TRBV28*01+CASSLKSNSYEQYF+16+(SL[RNKS][ST][ND]SYEQ)	1	0.11547196738277267	A\*01	EXACT	cbind(MOTIF, M - MOTIF) ~ AGE+SEX+DAYS+HLA
-0.01065039483608112	0.03865164334659156	-0.2755483056846614	0.7829777562382283	AGE	TRBV28*01+CASSFRQNSYEQYF+20+(S[LF]R[QS]NSYEQ)	1	0.1062505757201079	A\*01	EXACT	cbind(MOTIF, M - MOTIF) ~ AGE+SEX+DAYS+HLA
0.31920951954746335	1.1752710210507462	0.2716050288231181	0.7860072098983206	DAYS	TRBV28*01+CASSLSSNSYEQYF+20+(S[LF][RNKS][ST][ND]SYEQ)	1	0.10457347023960656	A\*01	EXACT	cbind(MOTIF, M - MOTIF) ~ AGE+SEX+DAYS+HLA
-0.008888249045435137	0.03340452189075418	-0.2660792174934633	0.7902579176908693	AGE	TRBV28*01+CASSLSSNSYEQYF+20+(S[LF][RNKS][ST][ND]SYEQ)	1	0.10223114421697746	A\*01	EXACT	cbind(MOTIF, M - MOTIF) ~ AGE+SEX+DAYS+HLA
-0.0042349182124009396	0.018652527398612166	-0.22704259438407456	0.8204580667939712	AGE	TRBV6-5*01+CASSYLDSQETQYF+10+(SYLDSQETQ)	1	0.0859436106198651	A\*01	EXACT	cbind(MOTIF, M - MOTIF) ~ AGE+SEX+DAYS+HLA
-0.2633705009494726	1.4146201071382332	-0.18617754662223016	0.8523604107508969	DAYS	TRBV28*01+CASSFRQNSYEQYF+20+(S[LF]R[QS]NSYEQ)	1	0.06937672999456648	A\*01	EXACT	cbind(MOTIF, M - MOTIF) ~ AGE+SEX+DAYS+HLA
0.16781130878254585	1.0569153811637415	0.1587745923403757	0.8738930612916826	HLA	TRBV6-5*01+CASSYLDSQETQYF+10+(SYLDSQETQ)	1	0.05854170893588012	A\*01	EXACT	cbind(MOTIF, M - MOTIF) ~ AGE+SEX+DAYS+HLA
0.17257573998350084	1.1556198336938828	0.1493360835040974	0.8813322075035983	DAYS	TRBV20-1*01+CSALGQVDNYGYTF+28+(L[G]?QVD[NI]YGY)	1	0.054860358681347754	A\*01	EXACT	cbind(MOTIF, M - MOTIF) ~ AGE+SEX+DAYS+HLA
0.027845636975845158	0.2583385254123432	0.10778739613613478	0.9141957659478664	DAYS	TRBV19*01+CASSTGAYEQYF+10+(STGAYEQ)	1	0.03896079445528125	A\*01	EXACT	cbind(MOTIF, M - MOTIF) ~ AGE+SEX+DAYS+HLA
-0.04328904815893293	0.7123456309783902	-0.060769725083421135	0.9515602497538913	DAYS	TRBV28*01+CASSRRDSSYEQYF+10+(SRRDSSYEQ)	1	0.021563708367758956	A\*01	EXACT	cbind(MOTIF, M - MOTIF) ~ AGE+SEX+DAYS+HLA
0.06283242221321818	1.2373616684533197	0.05077935078735516	0.9595160839923591	DAYS	TRBV28*01+CASSFKTDSYEQYF+16+([NS][RLFWY][RK][ST]D[ST]YEQ)	1	0.017947740959168117	A\*01	EXACT	cbind(MOTIF, M - MOTIF) ~ AGE+SEX+DAYS+HLA
-0.003937114612499187	0.24788425925178542	-0.015882874630212443	0.9873324369938404	SEXMale	TRBV19*01+CASSTGAYEQYF+10+(STGAYEQ)	1	0.00553659480402615	A\*01	EXACT	cbind(MOTIF, M - MOTIF) ~ AGE+SEX+DAYS+HLA
