	cdr3_b_aa	v_b_gene	j_b_gene	pgen	radius	target_hits	bkgd_hits	bkgd_hits_weighted	bkgd_total	ctrl	ctrl_weighted	target_misses	TR	TR2	BR_weighted	RR_weighted	OR_weighted	chi2dist	target_neighbors	target_seqs	background_neighbors	background_seqs	background_v	background_j	regex	target_re_hits	bkgd_re_hits	bkgd_re_weighted_hits	TR_re	BR_re_weighted	RR_re_weighted	OR_re_weighted	chi2re	chi2joint	neighbors	K_neighbors	nsubject	novel
386	CASSRRTDSYEQYF	TRBV28*01	TRBJ2-7*01	3.544276227203388e-08	22	45	2	0.164671930006633	198357	1.0082830452164532e-05	8.301795752437927e-07	452	0.09218436873747494	0.09218436873747494	5.8715355996281136e-06	15700.214564536343	17294.395292944006	17449.396473288652	[42, 49, 51, 52, 57, 59, 61, 63, 65, 128, 129, 130, 131, 132, 159, 169, 170, 171, 218, 220, 221, 222, 223, 241, 244, 256, 263, 264, 288, 290, 292, 296, 297, 299, 300, 334, 374, 375, 377, 378, 380, 381, 386, 388, 478]	['CASNFRTDSYEQYF', 'CASSFRSDSYEQYF', 'CASSFRTDSYEQYF', 'CASSHRTDSYEQYF', 'CASSLRTDAYEQYF', 'CASSLRTDSYEQYF', 'CASSRKTDLYEQYF', 'CASSRRTDSYEQYF', 'CASSYRTDSYEQYF', 'CASSHRTDSYEQYF', 'CASSLRSDSYEQYF', 'CASSLRTDSYEQYF', 'CASSRKTDSYEQYF', 'CASSRRTDSYEQYF', 'CASSFKTDSYEQYF', 'CASSLRTNSYEQYF', 'CASSRGTDAYEQYF', 'CASSRPTDSYEQYF', 'CASSLKTDSYEQYF', 'CASSLRSDSYEQYF', 'CASSLRTDNYEQYF', 'CASSLRTDSYEQYF', 'CASSRRTDNYEQYF', 'CASSLKTDSYEQYF', 'CASSLRTDSYEQYF', 'CASSMRTDSYEQYF', 'CASSFRTDSYEQYF', 'CASSLRTDSYEQYF', 'CASSFRSDSYEQYF', 'CASSFRTDSYEQYF', 'CASSHRTDSYEQYF', 'CASSLRTDSYEQYF', 'CASSRKTDSYEQYF', 'CASSRRTDSYEQYF', 'CASSRSTDSYEQYF', 'CASSFRTDTYEQYF', 'CASSFRTDSYEQYF', 'CASSHRTDTYEQYF', 'CASSLKTDSYEQYF', 'CASSLRSDSYEQYF', 'CASSLRTDSYEQYF', 'CASSLRTNSYEQYF', 'CASSRRTDSYEQYF', 'CASSWRTDSYEQYF', 'CASSLRTDSYEQYF']	[99351, 99415]	['CASSRRSSYEQYF', 'CASSRTDSYEQYF']	['TRBV28*01', 'TRBV28*01']	['TRBJ2-7*01', 'TRBJ2-7*01']	([NS].[RGKPS][ST][ND][ANLST]YEQ)	74	51	44.88826385228947	0.15030060120240482	0.00023133945952686527	398.48095489636796	764.4431776556897	18204.646297729	35654.04277101765	[42, 49, 51, 52, 57, 59, 61, 63, 65, 128, 129, 130, 131, 132, 159, 169, 170, 171, 218, 220, 221, 222, 223, 241, 244, 256, 263, 264, 288, 290, 292, 296, 297, 299, 300, 334, 374, 375, 377, 378, 380, 381, 386, 388, 478]	45	12	1
131	CASSRKTDSYEQYF	TRBV28*01	TRBJ2-7*01	6.495400916722713e-09	22	40	2	0.164671930006633	198357	1.0082830452164532e-05	8.301795752437927e-07	457	0.08216432865731463	0.08216432865731463	5.8715355996281136e-06	13993.669503173698	15246.288388828983	15463.755106371567	[45, 47, 51, 52, 54, 59, 61, 63, 65, 128, 130, 131, 132, 158, 159, 170, 171, 217, 218, 222, 223, 241, 244, 254, 256, 263, 264, 290, 292, 293, 296, 297, 299, 300, 374, 377, 380, 386, 388, 478]	['CASSEKTDTYEQYF', 'CASSFKTDTYEQYF', 'CASSFRTDSYEQYF', 'CASSHRTDSYEQYF', 'CASSLKSDSYEQYF', 'CASSLRTDSYEQYF', 'CASSRKTDLYEQYF', 'CASSRRTDSYEQYF', 'CASSYRTDSYEQYF', 'CASSHRTDSYEQYF', 'CASSLRTDSYEQYF', 'CASSRKTDSYEQYF', 'CASSRRTDSYEQYF', 'CASSFKSDSYEQYF', 'CASSFKTDSYEQYF', 'CASSRGTDAYEQYF', 'CASSRPTDSYEQYF', 'CASSLKTDAYEQYF', 'CASSLKTDSYEQYF', 'CASSLRTDSYEQYF', 'CASSRRTDNYEQYF', 'CASSLKTDSYEQYF', 'CASSLRTDSYEQYF', 'CASSLKTNSYEQYF', 'CASSMRTDSYEQYF', 'CASSFRTDSYEQYF', 'CASSLRTDSYEQYF', 'CASSFRTDSYEQYF', 'CASSHRTDSYEQYF', 'CASSLKTNSYEQYF', 'CASSLRTDSYEQYF', 'CASSRKTDSYEQYF', 'CASSRRTDSYEQYF', 'CASSRSTDSYEQYF', 'CASSFRTDSYEQYF', 'CASSLKTDSYEQYF', 'CASSLRTDSYEQYF', 'CASSRRTDSYEQYF', 'CASSWRTDSYEQYF', 'CASSLRTDSYEQYF']	[99140, 99415]	['CASSRKSVSYEQYF', 'CASSRTDSYEQYF']	['TRBV28*01', 'TRBV28*01']	['TRBJ2-7*01', 'TRBJ2-7*01']	(S.[RGKPS][ST][ND][ANLST]YEQ)	73	48	36.2839691979193	0.14829659318637275	0.00018796207481344078	437.1324839804292	926.1704507007935	19258.060503325592	34721.81560969716	[45, 47, 51, 52, 54, 59, 61, 63, 65, 128, 130, 131, 132, 158, 159, 170, 171, 217, 218, 222, 223, 241, 244, 254, 256, 263, 264, 290, 292, 293, 296, 297, 299, 300, 374, 377, 380, 386, 388, 478]	40	11	1
377	CASSLKTDSYEQYF	TRBV28*01	TRBJ2-7*01	2.146321677085148e-08	16	30	0	0.0	198357	0.0	0.0	467	0.06212424849699399	0.06212424849699399	5.041364394859825e-06	12322.90380761523	13139.098290598291	11554.828081644027	[53, 54, 55, 57, 59, 60, 129, 130, 131, 159, 169, 217, 218, 220, 221, 222, 241, 244, 254, 255, 256, 264, 293, 296, 297, 377, 378, 380, 381, 478]	['CASSLGTDSYEQYF', 'CASSLKSDSYEQYF', 'CASSLKTDQYEQYF', 'CASSLRTDAYEQYF', 'CASSLRTDSYEQYF', 'CASSLSTDSYEQYF', 'CASSLRSDSYEQYF', 'CASSLRTDSYEQYF', 'CASSRKTDSYEQYF', 'CASSFKTDSYEQYF', 'CASSLRTNSYEQYF', 'CASSLKTDAYEQYF', 'CASSLKTDSYEQYF', 'CASSLRSDSYEQYF', 'CASSLRTDNYEQYF', 'CASSLRTDSYEQYF', 'CASSLKTDSYEQYF', 'CASSLRTDSYEQYF', 'CASSLKTNSYEQYF', 'CASSLSTDSYEQYF', 'CASSMRTDSYEQYF', 'CASSLRTDSYEQYF', 'CASSLKTNSYEQYF', 'CASSLRTDSYEQYF', 'CASSRKTDSYEQYF', 'CASSLKTDSYEQYF', 'CASSLRSDSYEQYF', 'CASSLRTDSYEQYF', 'CASSLRTNSYEQYF', 'CASSLRTDSYEQYF']	[]	[]	[]	[]	(S[RLMF][RGKS][ST][ND][ANQS]YEQ)	62	9	7.164671930006633	0.12625250501002003	4.1161086363646894e-05	1509.2956475478638	3510.3413933088336	21812.197292768356	33367.025374412384	[53, 54, 55, 57, 59, 60, 129, 130, 131, 159, 169, 217, 218, 220, 221, 222, 241, 244, 254, 255, 256, 264, 293, 296, 297, 377, 378, 380, 381, 478]	30	11	1
168	CASSLRTDHYEQYF	TRBV28*01	TRBJ2-7*01	5.266236216793994e-09	22	26	2	0.164671930006633	198357	1.0082830452164532e-05	8.301795752437927e-07	471	0.05410821643286573	0.05410821643286573	5.8715355996281136e-06	9215.34333135829	9742.435004974122	9909.749092592672	[55, 57, 58, 59, 129, 130, 168, 169, 217, 218, 220, 221, 222, 223, 239, 241, 243, 244, 256, 264, 296, 377, 378, 380, 381, 478]	['CASSLKTDQYEQYF', 'CASSLRTDAYEQYF', 'CASSLRTDDYEQYF', 'CASSLRTDSYEQYF', 'CASSLRSDSYEQYF', 'CASSLRTDSYEQYF', 'CASSLRTDHYEQYF', 'CASSLRTNSYEQYF', 'CASSLKTDAYEQYF', 'CASSLKTDSYEQYF', 'CASSLRSDSYEQYF', 'CASSLRTDNYEQYF', 'CASSLRTDSYEQYF', 'CASSRRTDNYEQYF', 'CASSFRSDHYEQYF', 'CASSLKTDSYEQYF', 'CASSLRTDHYEQYF', 'CASSLRTDSYEQYF', 'CASSMRTDSYEQYF', 'CASSLRTDSYEQYF', 'CASSLRTDSYEQYF', 'CASSLKTDSYEQYF', 'CASSLRSDSYEQYF', 'CASSLRTDSYEQYF', 'CASSLRTNSYEQYF', 'CASSLRTDSYEQYF']	[95886, 95887]	['CASSLRTDRFEQYF', 'CASSLRTELYEQYF']	['TRBV28*01', 'TRBV28*01']	['TRBJ2-7*01', 'TRBJ2-7*01']	(S[RLMF][RK][ST][ND].YEQ)	61	4	4.0	0.12424849699398798	2.5206821974299124e-05	2146.5703406813627	5628.351487414187	22437.667529527644	32347.416622120316	[55, 57, 58, 59, 129, 130, 168, 169, 217, 218, 220, 221, 222, 223, 239, 241, 243, 244, 256, 264, 296, 377, 378, 380, 381, 478]	26	10	1
213	CASGIKTDSYEQYF	TRBV28*01	TRBJ2-7*01	4.529754996919288e-11	28	23	1	0.0823359650033165	198357	5.041415226082266e-06	4.1508978762189637e-07	474	0.04809619238476954	0.04809619238476954	5.456449997243969e-06	8814.557525325574	9259.874116078867	8750.376713938744	[40, 41, 54, 59, 130, 131, 159, 172, 213, 217, 218, 222, 241, 244, 254, 256, 264, 293, 296, 297, 377, 380, 478]	['CASGGRTDAYEQYF', 'CASGHQTDSYEQYF', 'CASSLKSDSYEQYF', 'CASSLRTDSYEQYF', 'CASSLRTDSYEQYF', 'CASSRKTDSYEQYF', 'CASSFKTDSYEQYF', 'CASSVATDSYEQYF', 'CASGIKTDSYEQYF', 'CASSLKTDAYEQYF', 'CASSLKTDSYEQYF', 'CASSLRTDSYEQYF', 'CASSLKTDSYEQYF', 'CASSLRTDSYEQYF', 'CASSLKTNSYEQYF', 'CASSMRTDSYEQYF', 'CASSLRTDSYEQYF', 'CASSLKTNSYEQYF', 'CASSLRTDSYEQYF', 'CASSRKTDSYEQYF', 'CASSLKTDSYEQYF', 'CASSLRTDSYEQYF', 'CASSLRTDSYEQYF']	[92128]	['CASSIKDSYEQYF']	['TRBV28*01']	['TRBJ2-7*01']	([GS].[ARQK][ST][ND][AS]YEQ)	62	19	13.689358256229246	0.12625250501002003	7.405440769629432e-05	649.4710292197269	1951.0616155944717	19970.47391143336	28720.850625372106	[40, 41, 54, 59, 130, 131, 159, 172, 213, 217, 218, 222, 241, 244, 254, 256, 264, 293, 296, 297, 377, 380, 478]	23	11	1
45	CASSEKTDTYEQYF	TRBV28*01	TRBJ2-7*01	1.2404678261483433e-09	28	35	2	0.164671930006633	198357	1.0082830452164532e-05	8.301795752437927e-07	462	0.07214428857715431	0.07214428857715431	5.8715355996281136e-06	12287.124441811053	13242.417054997222	13478.96272159874	[45, 47, 51, 52, 55, 59, 61, 63, 65, 128, 130, 131, 132, 159, 217, 218, 222, 241, 244, 256, 263, 264, 290, 292, 296, 297, 299, 334, 374, 375, 377, 380, 386, 388, 478]	['CASSEKTDTYEQYF', 'CASSFKTDTYEQYF', 'CASSFRTDSYEQYF', 'CASSHRTDSYEQYF', 'CASSLKTDQYEQYF', 'CASSLRTDSYEQYF', 'CASSRKTDLYEQYF', 'CASSRRTDSYEQYF', 'CASSYRTDSYEQYF', 'CASSHRTDSYEQYF', 'CASSLRTDSYEQYF', 'CASSRKTDSYEQYF', 'CASSRRTDSYEQYF', 'CASSFKTDSYEQYF', 'CASSLKTDAYEQYF', 'CASSLKTDSYEQYF', 'CASSLRTDSYEQYF', 'CASSLKTDSYEQYF', 'CASSLRTDSYEQYF', 'CASSMRTDSYEQYF', 'CASSFRTDSYEQYF', 'CASSLRTDSYEQYF', 'CASSFRTDSYEQYF', 'CASSHRTDSYEQYF', 'CASSLRTDSYEQYF', 'CASSRKTDSYEQYF', 'CASSRRTDSYEQYF', 'CASSFRTDTYEQYF', 'CASSFRTDSYEQYF', 'CASSHRTDTYEQYF', 'CASSLKTDSYEQYF', 'CASSLRTDSYEQYF', 'CASSRRTDSYEQYF', 'CASSWRTDSYEQYF', 'CASSLRTDSYEQYF']	[90004, 92316]	['CASSFKTLTYEQYF', 'CASSKGTETYEQYF']	['TRBV28*01', 'TRBV28*01']	['TRBJ2-7*01', 'TRBJ2-7*01']	(S.[RK]TD[AQLST]YEQ)	44	7	6.082335965003317	0.09018036072144289	3.570463636640292e-05	2020.5860056045858	2775.981323779428	15105.054642269979	28584.01736386872	[45, 47, 51, 52, 55, 59, 61, 63, 65, 128, 130, 131, 132, 159, 217, 218, 222, 241, 244, 256, 263, 264, 290, 292, 296, 297, 299, 334, 374, 375, 377, 380, 386, 388, 478]	35	11	1
223	CASSRRTDNYEQYF	TRBV28*01	TRBJ2-7*01	2.5010189299017894e-09	22	32	2	0.164671930006633	198357	1.0082830452164532e-05	8.301795752437927e-07	465	0.06613226452905811	0.06613226452905811	5.8715355996281136e-06	11263.197404993465	12060.73498946725	12288.631594737395	[51, 52, 58, 59, 61, 63, 65, 128, 130, 131, 132, 168, 171, 221, 222, 223, 243, 244, 256, 263, 264, 290, 292, 296, 297, 299, 300, 374, 380, 386, 388, 478]	['CASSFRTDSYEQYF', 'CASSHRTDSYEQYF', 'CASSLRTDDYEQYF', 'CASSLRTDSYEQYF', 'CASSRKTDLYEQYF', 'CASSRRTDSYEQYF', 'CASSYRTDSYEQYF', 'CASSHRTDSYEQYF', 'CASSLRTDSYEQYF', 'CASSRKTDSYEQYF', 'CASSRRTDSYEQYF', 'CASSLRTDHYEQYF', 'CASSRPTDSYEQYF', 'CASSLRTDNYEQYF', 'CASSLRTDSYEQYF', 'CASSRRTDNYEQYF', 'CASSLRTDHYEQYF', 'CASSLRTDSYEQYF', 'CASSMRTDSYEQYF', 'CASSFRTDSYEQYF', 'CASSLRTDSYEQYF', 'CASSFRTDSYEQYF', 'CASSHRTDSYEQYF', 'CASSLRTDSYEQYF', 'CASSRKTDSYEQYF', 'CASSRRTDSYEQYF', 'CASSRSTDSYEQYF', 'CASSFRTDSYEQYF', 'CASSLRTDSYEQYF', 'CASSRRTDSYEQYF', 'CASSWRTDSYEQYF', 'CASSLRTDSYEQYF']	[99300, 99415]	['CASSRRDHYEQYF', 'CASSRTDSYEQYF']	['TRBV28*01', 'TRBV28*01']	['TRBJ2-7*01', 'TRBJ2-7*01']	(S.[RKPS]TD[NDHLS]YEQ)	44	11	9.164671930006634	0.09018036072144289	5.124381515336654e-05	1290.5413917978635	1934.1624584715678	14256.306402625138	26544.937997362533	[51, 52, 58, 59, 61, 63, 65, 128, 130, 131, 132, 168, 171, 221, 222, 223, 243, 244, 256, 263, 264, 290, 292, 296, 297, 299, 300, 374, 380, 386, 388, 478]	32	10	1
253	CASSFRSNSYEQYF	TRBV28*01	TRBJ2-7*01	7.757603167979552e-09	20	17	2	0.164671930006633	198357	1.0082830452164532e-05	8.301795752437927e-07	480	0.036072144288577156	0.036072144288577156	5.8715355996281136e-06	6143.562220905526	6373.429414203446	6349.800091193031	[49, 50, 51, 158, 216, 242, 253, 263, 286, 287, 288, 290, 291, 295, 374, 379, 477]	['CASSFRSDSYEQYF', 'CASSFRSNAYEQYF', 'CASSFRTDSYEQYF', 'CASSFKSDSYEQYF', 'CASSLKSNSYEQYF', 'CASSLRSNSYEQYF', 'CASSFRSNSYEQYF', 'CASSFRTDSYEQYF', 'CASSFRQNSYEQYF', 'CASSFRSDAYEQYF', 'CASSFRSDSYEQYF', 'CASSFRTDSYEQYF', 'CASSFSSNSYEQYF', 'CASSLRSNSYEQYF', 'CASSFRTDSYEQYF', 'CASSLRSNSYEQYF', 'CASSLRSNSYEQYF']	[90856, 90864]	['CASSFRSGSYEQYF', 'CASSFRSSSYEQYF']	['TRBV28*01', 'TRBV28*01']	['TRBJ2-7*01', 'TRBJ2-7*01']	(S[LF][RKS][QST][ND][AS]YEQ)	45	3	3.0	0.09218436873747494	2.01654575794393e-05	1788.808617234469	5035.502207505519	16454.975230701893	22804.775321894926	[49, 50, 51, 158, 216, 242, 253, 263, 286, 287, 288, 290, 291, 295, 374, 379, 477]	17	9	1
239	CASSFRSDHYEQYF	TRBV28*01	TRBJ2-7*01	6.784723369145204e-10	22	15	0	0.0	198357	0.0	0.0	482	0.03206412825651302	0.03206412825651302	5.041364394859825e-06	6360.208416833667	6570.865424430643	5615.539483728426	[49, 50, 51, 158, 168, 239, 243, 253, 263, 287, 288, 289, 290, 334, 374]	['CASSFRSDSYEQYF', 'CASSFRSNAYEQYF', 'CASSFRTDSYEQYF', 'CASSFKSDSYEQYF', 'CASSLRTDHYEQYF', 'CASSFRSDHYEQYF', 'CASSLRTDHYEQYF', 'CASSFRSNSYEQYF', 'CASSFRTDSYEQYF', 'CASSFRSDAYEQYF', 'CASSFRSDSYEQYF', 'CASSFRTDQYEQYF', 'CASSFRTDSYEQYF', 'CASSFRTDTYEQYF', 'CASSFRTDSYEQYF']	[]	[]	[]	[]	(S[LF][RK][ST][ND][AQHST]YEQ)	46	2	2.0	0.09418837675350701	1.5124093184579474e-05	2120.069472277889	6875.171091445427	17188.263170900194	22803.80265462862	[49, 50, 51, 158, 168, 239, 243, 253, 263, 287, 288, 289, 290, 334, 374]	15	9	1
47	CASSFKTDTYEQYF	TRBV28*01	TRBJ2-7*01	1.206816858874608e-09	22	17	2	0.164671930006633	198357	1.0082830452164532e-05	8.301795752437927e-07	480	0.036072144288577156	0.036072144288577156	5.8715355996281136e-06	6143.562220905526	6373.429414203446	6349.800091193031	[45, 47, 51, 65, 131, 158, 159, 218, 241, 263, 289, 290, 297, 334, 374, 375, 377]	['CASSEKTDTYEQYF', 'CASSFKTDTYEQYF', 'CASSFRTDSYEQYF', 'CASSYRTDSYEQYF', 'CASSRKTDSYEQYF', 'CASSFKSDSYEQYF', 'CASSFKTDSYEQYF', 'CASSLKTDSYEQYF', 'CASSLKTDSYEQYF', 'CASSFRTDSYEQYF', 'CASSFRTDQYEQYF', 'CASSFRTDSYEQYF', 'CASSRKTDSYEQYF', 'CASSFRTDTYEQYF', 'CASSFRTDSYEQYF', 'CASSHRTDTYEQYF', 'CASSLKTDSYEQYF']	[90004, 90005]	['CASSFKTLTYEQYF', 'CASSFKTSYEQYF']	['TRBV28*01', 'TRBV28*01']	['TRBJ2-7*01', 'TRBJ2-7*01']	(S.[RK][ST]D[QST]YEQ)	48	9	6.882888668903743	0.09819639278557114	3.974051426405529e-05	907.691934958272	2739.8880866252725	16428.567305120636	22778.367396313668	[45, 47, 51, 65, 131, 158, 159, 218, 241, 263, 289, 290, 297, 334, 374, 375, 377]	17	9	1
159	CASSFKTDSYEQYF	TRBV28*01	TRBJ2-7*01	5.827250389698676e-09	16	18	1	0.0823359650033165	198357	5.041415226082266e-06	4.1508978762189637e-07	479	0.03807615230460922	0.03807615230460922	5.456449997243969e-06	6978.1913742160805	7254.371866112133	6772.32111294124	[42, 47, 49, 51, 65, 131, 158, 159, 218, 241, 263, 288, 290, 297, 334, 374, 377, 388]	['CASNFRTDSYEQYF', 'CASSFKTDTYEQYF', 'CASSFRSDSYEQYF', 'CASSFRTDSYEQYF', 'CASSYRTDSYEQYF', 'CASSRKTDSYEQYF', 'CASSFKSDSYEQYF', 'CASSFKTDSYEQYF', 'CASSLKTDSYEQYF', 'CASSLKTDSYEQYF', 'CASSFRTDSYEQYF', 'CASSFRSDSYEQYF', 'CASSFRTDSYEQYF', 'CASSRKTDSYEQYF', 'CASSFRTDTYEQYF', 'CASSFRTDSYEQYF', 'CASSLKTDSYEQYF', 'CASSWRTDSYEQYF']	[90005]	['CASSFKTSYEQYF']	['TRBV28*01']	['TRBJ2-7*01']	([NS][RLFWY][RK][ST]D[ST]YEQ)	38	2	2.0	0.0781563126252505	1.5124093184579474e-05	2517.5824983299935	5605.71304347826	14025.443535784356	20797.764648725595	[42, 47, 49, 51, 65, 131, 158, 159, 218, 241, 263, 288, 290, 297, 334, 374, 377, 388]	18	9	1
217	CASSLKTDAYEQYF	TRBV28*01	TRBJ2-7*01	4.69175544945079e-09	20	21	2	0.164671930006633	198357	1.0082830452164532e-05	8.301795752437927e-07	476	0.04408817635270541	0.04408817635270541	5.8715355996281136e-06	7508.798269995644	7855.069888318292	7930.18877585329	[54, 55, 57, 58, 59, 130, 168, 217, 218, 221, 222, 241, 243, 244, 254, 264, 293, 296, 377, 380, 478]	['CASSLKSDSYEQYF', 'CASSLKTDQYEQYF', 'CASSLRTDAYEQYF', 'CASSLRTDDYEQYF', 'CASSLRTDSYEQYF', 'CASSLRTDSYEQYF', 'CASSLRTDHYEQYF', 'CASSLKTDAYEQYF', 'CASSLKTDSYEQYF', 'CASSLRTDNYEQYF', 'CASSLRTDSYEQYF', 'CASSLKTDSYEQYF', 'CASSLRTDHYEQYF', 'CASSLRTDSYEQYF', 'CASSLKTNSYEQYF', 'CASSLRTDSYEQYF', 'CASSLKTNSYEQYF', 'CASSLRTDSYEQYF', 'CASSLKTDSYEQYF', 'CASSLRTDSYEQYF', 'CASSLRTDSYEQYF']	[95924, 96551]	['CASSLRTYAYEQYF', 'CASSLTEAYEQYF']	['TRBV28*01', 'TRBV28*01']	['TRBJ2-7*01', 'TRBJ2-7*01']	(SL[RK][ST][ND].YEQ)	33	2	2.0	0.06813627254509018	1.5124093184579474e-05	2915.0955243820977	4834.483154121864	12052.905411721033	19983.094187574323	[54, 55, 57, 58, 59, 130, 168, 217, 218, 221, 222, 241, 243, 244, 254, 264, 293, 296, 377, 380, 478]	21	10	1
382	CASSLSSNSYEQYF	TRBV28*01	TRBJ2-7*01	1.786854144210286e-08	20	11	2	0.164671930006633	198357	1.0082830452164532e-05	8.301795752437927e-07	486	0.02404809619238477	0.02404809619238477	5.8715355996281136e-06	4095.7081472703508	4196.604446587074	3990.7029560771443	[56, 60, 216, 242, 255, 291, 294, 295, 379, 382, 477]	['CASSLNSNSYEQYF', 'CASSLSTDSYEQYF', 'CASSLKSNSYEQYF', 'CASSLRSNSYEQYF', 'CASSLSTDSYEQYF', 'CASSFSSNSYEQYF', 'CASSLNSNSYEQYF', 'CASSLRSNSYEQYF', 'CASSLRSNSYEQYF', 'CASSLSSNSYEQYF', 'CASSLRSNSYEQYF']	[96389, 96419]	['CASSLSSASYEQYF', 'CASSLSSNSSYEQYF']	['TRBV28*01', 'TRBV28*01']	['TRBJ2-7*01', 'TRBJ2-7*01']	(S[LF][RNKS][ST][ND]SYEQ)	41	2	2.0	0.0841683366733467	1.5124093184579474e-05	1590.052104208417	6076.551422319475	15210.694058879644	19201.39701495679	[56, 60, 216, 242, 255, 291, 294, 295, 379, 382, 477]	11	7	1
158	CASSFKSDSYEQYF	TRBV28*01	TRBJ2-7*01	3.0700241127179505e-09	16	11	1	0.0823359650033165	198357	5.041415226082266e-06	4.1508978762189637e-07	486	0.02404809619238477	0.02404809619238477	5.456449997243969e-06	4407.278762662787	4515.852366670905	4015.9621915257167	[49, 51, 54, 158, 159, 253, 263, 287, 288, 290, 374]	['CASSFRSDSYEQYF', 'CASSFRTDSYEQYF', 'CASSLKSDSYEQYF', 'CASSFKSDSYEQYF', 'CASSFKTDSYEQYF', 'CASSFRSNSYEQYF', 'CASSFRTDSYEQYF', 'CASSFRSDAYEQYF', 'CASSFRSDSYEQYF', 'CASSFRTDSYEQYF', 'CASSFRTDSYEQYF']	[90933]	['CASSFSDSYEQYF']	['TRBV28*01']	['TRBJ2-7*01']	(S[LF][RK][ST][ND][AS]YEQ)	39	2	2.0	0.08016032064128256	1.5124093184579474e-05	1590.052104208417	5761.975308641976	14420.402603395503	18436.36479492122	[49, 51, 54, 158, 159, 253, 263, 287, 288, 290, 374]	11	6	1
55	CASSLKTDQYEQYF	TRBV28*01	TRBJ2-7*01	4.0998620447413207e-10	20	19	1	0.0823359650033165	198357	5.041415226082266e-06	4.1508978762189637e-07	478	0.04008016032064128	0.04008016032064128	5.456449997243969e-06	7345.464604437979	7652.122834268374	7167.5474527019205	[55, 57, 58, 59, 130, 168, 217, 218, 221, 222, 241, 243, 244, 264, 289, 296, 377, 380, 478]	['CASSLKTDQYEQYF', 'CASSLRTDAYEQYF', 'CASSLRTDDYEQYF', 'CASSLRTDSYEQYF', 'CASSLRTDSYEQYF', 'CASSLRTDHYEQYF', 'CASSLKTDAYEQYF', 'CASSLKTDSYEQYF', 'CASSLRTDNYEQYF', 'CASSLRTDSYEQYF', 'CASSLKTDSYEQYF', 'CASSLRTDHYEQYF', 'CASSLRTDSYEQYF', 'CASSLRTDSYEQYF', 'CASSFRTDQYEQYF', 'CASSLRTDSYEQYF', 'CASSLKTDSYEQYF', 'CASSLRTDSYEQYF', 'CASSLRTDSYEQYF']	[95886]	['CASSLRTDRFEQYF']	['TRBV28*01']	['TRBJ2-7*01']	(S[LF][RK]TD.YEQ)	28	2	2.0	0.05811623246492986	1.5124093184579474e-05	2650.0868403473614	4079.6624113475177	10085.388123631445	17252.935576333366	[55, 57, 58, 59, 130, 168, 217, 218, 221, 222, 241, 243, 244, 264, 289, 296, 377, 380, 478]	19	9	1
216	CASSLKSNSYEQYF	TRBV28*01	TRBJ2-7*01	4.608112375807191e-09	16	16	1	0.0823359650033165	198357	5.041415226082266e-06	4.1508978762189637e-07	481	0.03406813627254509	0.03406813627254509	5.456449997243969e-06	6243.644913772282	6463.821186664665	5982.664392359203	[54, 56, 129, 169, 216, 220, 242, 254, 293, 294, 295, 378, 379, 381, 382, 477]	['CASSLKSDSYEQYF', 'CASSLNSNSYEQYF', 'CASSLRSDSYEQYF', 'CASSLRTNSYEQYF', 'CASSLKSNSYEQYF', 'CASSLRSDSYEQYF', 'CASSLRSNSYEQYF', 'CASSLKTNSYEQYF', 'CASSLKTNSYEQYF', 'CASSLNSNSYEQYF', 'CASSLRSNSYEQYF', 'CASSLRSDSYEQYF', 'CASSLRSNSYEQYF', 'CASSLRTNSYEQYF', 'CASSLSSNSYEQYF', 'CASSLRSNSYEQYF']	[94440]	['CASSLKNSYEQYF']	['TRBV28*01']	['TRBJ2-7*01']	(SL[RNKS][ST][ND]SYEQ)	31	2	2.0	0.06412825651302605	1.5124093184579474e-05	2252.5738142952573	4530.615274803712	11265.177896557403	17247.842288916607	[54, 56, 129, 169, 216, 220, 242, 254, 293, 294, 295, 378, 379, 381, 382, 477]	16	9	1
273	CASGRRTDSYEQYF	TRBV12-1*01	TRBJ2-7*01	8.198458914036166e-10	36	7	6	8.029766949921836e-05	198357	3.0248491356493595e-05	4.04813893632281e-10	490	0.01603206412825651	0.01603206412825651	5.041769204671828e-06	3179.8488739628947	3231.642745636425	2482.047098789139	[4, 147, 273, 314, 362, 363, 416]	['CASSLTTDSYEQYF', 'CASSFITDSYEQYF', 'CASGRRTDSYEQYF', 'CASSYQTDSYEQYF', 'CASSLRTDSYEQYF', 'CASSRGTDSYEQYF', 'CASSWMTDSYEQYF']	[14690, 14691, 14777, 15988, 15992, 15997]	['CASGRDRYEQYF', 'CASGREASYEQYF', 'CASRERDSYEQYF', 'CASSRRNDFSYEQYF', 'CASSRRTQGYEQYF', 'CASSRSTSYEQYF']	['TRBV12-1*01', 'TRBV12-1*01', 'TRBV12-1*01', 'TRBV12-1*01', 'TRBV12-1*01', 'TRBV12-1*01']	['TRBJ2-7*01', 'TRBJ2-7*01', 'TRBJ2-7*01', 'TRBJ2-7*01', 'TRBJ2-7*01', 'TRBJ2-7*01']	([GS][RLFWY].TDSYEQ)	41	5	3.8005527039004257	0.0841683366733467	2.4201335477091664e-05	662.4454317172717	3797.3729097184305	14622.433945744908	17104.481044534048	[4, 147, 273, 314, 362, 363, 416]	7	6	1
293	CASSLKTNSYEQYF	TRBV28*01	TRBJ2-7*01	7.171563224095867e-09	16	20	2	0.164671930006633	198357	1.0082830452164532e-05	8.301795752437927e-07	477	0.04208416833667335	0.04208416833667335	5.8715355996281136e-06	7167.489257723114	7482.335020091701	7534.7480673437885	[59, 130, 169, 216, 218, 222, 241, 242, 244, 254, 264, 293, 295, 296, 377, 379, 380, 381, 477, 478]	['CASSLRTDSYEQYF', 'CASSLRTDSYEQYF', 'CASSLRTNSYEQYF', 'CASSLKSNSYEQYF', 'CASSLKTDSYEQYF', 'CASSLRTDSYEQYF', 'CASSLKTDSYEQYF', 'CASSLRSNSYEQYF', 'CASSLRTDSYEQYF', 'CASSLKTNSYEQYF', 'CASSLRTDSYEQYF', 'CASSLKTNSYEQYF', 'CASSLRSNSYEQYF', 'CASSLRTDSYEQYF', 'CASSLKTDSYEQYF', 'CASSLRSNSYEQYF', 'CASSLRTDSYEQYF', 'CASSLRTNSYEQYF', 'CASSLRSNSYEQYF', 'CASSLRTDSYEQYF']	[94440, 97267]	['CASSLKNSYEQYF', 'CASSLWTNSYEQYF']	['TRBV28*01', 'TRBV28*01']	['TRBJ2-7*01', 'TRBJ2-7*01']	(SL[RK][ST][ND]SYEQ)	26	2	2.0	0.05410821643286573	1.5124093184579474e-05	2782.5911823647293	3782.2118644067796	9300.338174267714	16835.0862416115	[59, 130, 169, 216, 218, 222, 241, 242, 244, 254, 264, 293, 295, 296, 377, 379, 380, 381, 477, 478]	20	10	1
172	CASSVATDSYEQYF	TRBV28*01	TRBJ2-7*01	1.2246087521163268e-08	22	17	2	0.164671930006633	198357	1.0082830452164532e-05	8.301795752437927e-07	480	0.036072144288577156	0.036072144288577156	5.8715355996281136e-06	6143.562220905526	6373.429414203446	6349.800091193031	[53, 59, 60, 130, 172, 218, 222, 241, 244, 255, 256, 264, 296, 300, 377, 380, 478]	['CASSLGTDSYEQYF', 'CASSLRTDSYEQYF', 'CASSLSTDSYEQYF', 'CASSLRTDSYEQYF', 'CASSVATDSYEQYF', 'CASSLKTDSYEQYF', 'CASSLRTDSYEQYF', 'CASSLKTDSYEQYF', 'CASSLRTDSYEQYF', 'CASSLSTDSYEQYF', 'CASSMRTDSYEQYF', 'CASSLRTDSYEQYF', 'CASSLRTDSYEQYF', 'CASSRSTDSYEQYF', 'CASSLKTDSYEQYF', 'CASSLRTDSYEQYF', 'CASSLRTDSYEQYF']	[92463, 92648]	['CASSLADDSYEQYF', 'CASSLAVDSYEQYF']	['TRBV28*01', 'TRBV28*01']	['TRBJ2-7*01', 'TRBJ2-7*01']	(S[RLMV][ARGKS]TDSYEQ)	29	3	3.0	0.06012024048096192	2.01654575794393e-05	1788.808617234469	3171.988272921109	10168.51098187725	16518.311073070283	[53, 59, 60, 130, 172, 218, 222, 241, 244, 255, 256, 264, 296, 300, 377, 380, 478]	17	10	1
129	CASSLRSDSYEQYF	TRBV28*01	TRBJ2-7*01	3.6231352465665166e-08	10	16	0	0.0	198357	0.0	0.0	481	0.03406813627254509	0.03406813627254509	5.041364394859825e-06	6757.7214428857715	6996.029045643154	6010.178855958496	[54, 59, 129, 130, 220, 222, 242, 244, 264, 295, 296, 378, 379, 380, 477, 478]	['CASSLKSDSYEQYF', 'CASSLRTDSYEQYF', 'CASSLRSDSYEQYF', 'CASSLRTDSYEQYF', 'CASSLRSDSYEQYF', 'CASSLRTDSYEQYF', 'CASSLRSNSYEQYF', 'CASSLRTDSYEQYF', 'CASSLRTDSYEQYF', 'CASSLRSNSYEQYF', 'CASSLRTDSYEQYF', 'CASSLRSDSYEQYF', 'CASSLRSNSYEQYF', 'CASSLRTDSYEQYF', 'CASSLRSNSYEQYF', 'CASSLRTDSYEQYF']	[]	[]	[]	[]	(SL[RK][ST][ND]SYEQ)	26	2	2.0	0.05410821643286573	1.5124093184579474e-05	2252.5738142952573	3782.2118644067796	9300.338174267714	15310.517030226209	[54, 59, 129, 130, 220, 222, 242, 244, 264, 295, 296, 378, 379, 380, 477, 478]	16	8	1
300	CASSRSTDSYEQYF	TRBV28*01	TRBJ2-7*01	9.936488568633707e-09	20	10	1	0.0823359650033165	198357	5.041415226082266e-06	4.1508978762189637e-07	487	0.022044088176352707	0.022044088176352707	5.456449997243969e-06	4040.0055324408886	4131.048689934433	3624.733613681992	[60, 63, 131, 132, 171, 255, 297, 299, 300, 386]	['CASSLSTDSYEQYF', 'CASSRRTDSYEQYF', 'CASSRKTDSYEQYF', 'CASSRRTDSYEQYF', 'CASSRPTDSYEQYF', 'CASSLSTDSYEQYF', 'CASSRKTDSYEQYF', 'CASSRRTDSYEQYF', 'CASSRSTDSYEQYF', 'CASSRRTDSYEQYF']	[99415]	['CASSRTDSYEQYF']	['TRBV28*01']	['TRBJ2-7*01']	(S[RL][RKPS]TDSYEQ)	25	2	2.0	0.052104208416833664	1.5124093184579474e-05	1457.5477621910488	3634.429880197322	8908.346576792675	12533.080190474668	[60, 63, 131, 132, 171, 255, 297, 299, 300, 386]	10	6	1
54	CASSLKSDSYEQYF	TRBV28*01	TRBJ2-7*01	1.2053828887406076e-08	10	8	0	0.0	198357	0.0	0.0	489	0.018036072144288578	0.018036072144288578	5.041364394859825e-06	3577.617234468938	3643.310204081633	2869.626484553174	[54, 129, 216, 218, 220, 241, 377, 378]	['CASSLKSDSYEQYF', 'CASSLRSDSYEQYF', 'CASSLKSNSYEQYF', 'CASSLKTDSYEQYF', 'CASSLRSDSYEQYF', 'CASSLKTDSYEQYF', 'CASSLKTDSYEQYF', 'CASSLRSDSYEQYF']	[]	[]	[]	[]	(SL[RK][ST][ND]SYEQ)	26	2	2.0	0.05410821643286573	1.5124093184579474e-05	1192.5390781563126	3782.2118644067796	9300.338174267714	12169.964658820889	[54, 129, 216, 218, 220, 241, 377, 378]	8	5	1
97	CASSPGQGAFTDTQYF	TRBV5-5*01	TRBJ2-3*01	5.684343539176822e-09	22	16	0	0.0	198357	0.0	0.0	481	0.03406813627254509	0.03406813627254509	5.041364394859825e-06	6757.7214428857715	6996.029045643154	6010.178855958496	[93, 94, 95, 96, 97, 99, 100, 145, 156, 174, 175, 231, 351, 352, 353, 354]	['CASSAGQGAFTDTQYF', 'CASSFGQGAFSDTQYF', 'CASSLGEGAFTDTQYF', 'CASSLGQGAFTDTQYF', 'CASSPGQGAFTDTQYF', 'CASSSGQGAFTDTQYF', 'CASSYGQGSFTDTQYF', 'CASSFGQGAFTDTQYF', 'CASSAGQGAFTDTQYF', 'CASSLGQGAFTDTQYF', 'CASSLGQGSFTDTQYF', 'CASSLGQGAFTDTQYF', 'CASSFGQGAFTDTQYF', 'CASSIGQGAFTDTQYF', 'CASSLGQGAFTDTQYF', 'CASSSGQGAFTDTQYF']	[]	[]	[]	[]	(S.G[QE]G[AS]F[ST]DTQ)	16	1	1.0	0.03406813627254509	1.008272878971965e-05	3378.8607214428857	3497.996887966805	5692.145810101158	11702.324666059652	[93, 94, 95, 96, 97, 99, 100, 145, 156, 174, 175, 231, 351, 352, 353, 354]	16	6	1
15	CASSILLAGGPGDTQYF	TRBV19*01	TRBJ2-3*01	1.6226858598702226e-10	34	14	0	0.0	198357	0.0	0.0	483	0.03006012024048096	0.03006012024048096	5.041364394859825e-06	5962.695390781563	6147.4586776859505	5221.271312206633	[15, 16, 18, 19, 20, 123, 202, 203, 278, 322, 323, 324, 469, 470]	['CASSILLAGGPGDTQYF', 'CASSILLSGGPSDTQYF', 'CASSLILAGGPTDTQYF', 'CASSMILAGGPEDTQYF', 'CASSMILAGGPTDTQYF', 'CASSITLAGGPGNEQFF', 'CASSVILAGGPGDTQYF', 'CASSTILAGGPGDIQYF', 'CASSILLAGGPGDTQYF', 'CASSIILAGGPGDTQYF', 'CASSILLAGGPGDTQYF', 'CASSITLAGGPGDTQYF', 'CASSILLAGGPGDTQYF', 'CASSMILAGGPGDTQYF']	[]	[]	[]	[]	(S[ILMTV][ILT]L[AS]GGP[EGST][ND][EIT]Q)	14	0	0.0	0.03006012024048096	5.041364394859825e-06	5962.695390781563	6147.4586776859505	5221.271312206633	10442.542624413267	[15, 16, 18, 19, 20, 123, 202, 203, 278, 322, 323, 324, 469, 470]	14	6	1
173	CASSQEGGRAYEQYF	TRBV4-2*01	TRBJ2-7*01	4.953433070210827e-08	16	10	1	0.11475779017407439	198357	5.041415226082266e-06	5.785416706951324e-07	487	0.022044088176352707	0.022044088176352707	5.619900232276198e-06	3922.505251916956	4010.8998375134443	3614.9774155162327	[82, 83, 173, 228, 268, 301, 302, 394, 395, 487]	['CASSQEGGRAYEQYF', 'CASSQEGGRSYEQYF', 'CASSQEGGRAYEQYF', 'CASSQEGGRGYEQYF', 'CASSQEGGRAYEQYF', 'CASSQEGGRAYEQYF', 'CASSQEGSRAYEQYF', 'CASSQEGGVAYEQYF', 'CASSQEGSRAYEQYF', 'CASSQEGGRAYEQYF']	[134054]	['CASSQEGGGAYEQYF']	['TRBV4-2*01']	['TRBJ2-7*01']	(SQEG[GS][RV][AGS]YEQ)	10	0	0.0	0.022044088176352707	5.041364394859825e-06	4372.643286573147	4471.184426229508	3649.7466409188232	7264.724056435056	[82, 83, 173, 228, 268, 301, 302, 394, 395, 487]	10	7	1
383	CASSQHSNSYEQYF	TRBV28*01	TRBJ2-7*01	1.4066926937538933e-09	22	8	0	0.0	198357	0.0	0.0	489	0.018036072144288578	0.018036072144288578	5.041364394859825e-06	3577.617234468938	3643.310204081633	2869.626484553174	[46, 56, 142, 294, 376, 383, 384, 387]	['CASSFHTNSYEQYF', 'CASSLNSNSYEQYF', 'CASSEHSNSYEQYF', 'CASSLNSNSYEQYF', 'CASSLHSDSYEQYF', 'CASSQHSNSYEQYF', 'CASSRDSNSYEQYF', 'CASSRTSNSYEQYF']	[]	[]	[]	[]	(S[RQELF][NDHT][ST][ND]SYEQ)	9	0	0.0	0.02004008016032064	5.041364394859825e-06	3577.617234468938	4056.4008179959105	3259.003571054559	6128.630055607733	[46, 56, 142, 294, 376, 383, 384, 387]	8	4	1
41	CASGHQTDSYEQYF	TRBV28*01	TRBJ2-7*01	3.1224369454254504e-11	32	8	1	0.0823359650033165	198357	5.041415226082266e-06	4.1508978762189637e-07	489	0.018036072144288578	0.018036072144288578	5.456449997243969e-06	3305.4590719970906	3366.1532182174456	2846.0544940524987	[40, 41, 52, 65, 128, 213, 292, 375]	['CASGGRTDAYEQYF', 'CASGHQTDSYEQYF', 'CASSHRTDSYEQYF', 'CASSYRTDSYEQYF', 'CASSHRTDSYEQYF', 'CASGIKTDSYEQYF', 'CASSHRTDSYEQYF', 'CASSHRTDTYEQYF']	[82968]	['CARGGQGDSYEQYF']	['TRBV28*01']	['TRBJ2-7*01']	([GS][GHIY][RQK]TD[AST]YEQ)	9	2	1.2344307349694104	0.02004008016032064	1.1264579550055256e-05	1601.1314105549645	1815.3955325310778	2928.278407973919	5774.332902026417	[40, 41, 52, 65, 128, 213, 292, 375]	8	5	1
120	CASTLLGNQPQHF	TRBV7-8*01	TRBJ1-5*01	1.563498951142068e-08	22	10	5	0.12970766102680445	198357	2.520707613041133e-05	6.539101772400492e-07	487	0.022044088176352707	0.022044088176352707	5.695267978900904e-06	3870.5971796268072	3957.821706216756	3610.4963514368997	[116, 117, 118, 119, 120, 179, 360, 402, 493, 494]	['CASSFLGNQPQHF', 'CASSLIGNQPQHF', 'CASSLVGNQPQHF', 'CASSYLGNQPQHF', 'CASTLLGNQPQHF', 'CASSLVGNQPQHF', 'CASTLAGNQPQHF', 'CASSLVGNQPQHF', 'CASSLDGNQPQHF', 'CASSLVGNQPQHF']	[186037, 186771, 186834, 187007, 187639]	['CASSFLGNQPQHF', 'CASSLLVNQPQHF', 'CASSLRGNQPQHF', 'CASSLYGNQPQHF', 'CASTGIGNQPQHF']	['TRBV7-8*01', 'TRBV7-8*01', 'TRBV7-8*01', 'TRBV7-8*01', 'TRBV7-8*01']	['TRBJ1-5*01', 'TRBJ1-5*01', 'TRBJ1-5*01', 'TRBJ1-5*01', 'TRBJ1-5*01']	([ST][LFY][ADILV]GNQPQ)	10	12	8.185469069160918	0.022044088176352707	4.630729671535407e-05	476.0391933879303	486.7470440585598	2161.3112166100022	5771.807568046902	[116, 117, 118, 119, 120, 179, 360, 402, 493, 494]	10	5	1
396	CASSQEKSRGYEQYF	TRBV4-2*01	TRBJ2-7*01	2.0683186907059076e-09	26	6	1	0.11475779017407439	198357	5.041415226082266e-06	5.785416706951324e-07	491	0.014028056112224449	0.014028056112224449	5.619900232276198e-06	2496.1397057653353	2531.639660928663	2067.1750175722336	[86, 228, 302, 392, 395, 396]	['CASSQEASRGYEQYF', 'CASSQEGGRGYEQYF', 'CASSQEGSRAYEQYF', 'CASSQEFSGRGYEQYF', 'CASSQEGSRAYEQYF', 'CASSQEKSRGYEQYF']	[133829]	['CASSQDSRGYEQYF']	['TRBV4-2*01']	['TRBJ2-7*01']	(SQE[AGKF][GS]R[AG]YEQ)	10	0	0.0	0.022044088176352707	5.041364394859825e-06	2782.5911823647293	4471.184426229508	3649.7466409188232	5716.921658491057	[86, 228, 302, 392, 395, 396]	6	4	1
124	CASSMRTDTYEQYF	TRBV19*01	TRBJ2-7*01	6.123304865730269e-10	16	3	0	0.0	198357	0.0	0.0	494	0.008016032064128256	0.008016032064128256	5.041364394859825e-06	1590.0521042084167	1602.8929292929292	971.8324812038392	[22, 124, 368]	['CASSLRTDSYEQYF', 'CASSMRTDTYEQYF', 'CASSMRTDSYEQYF']	[]	[]	[]	[]	(S[LM]RTD[ST]YEQ)	13	2	2.0	0.028056112224448898	1.5124093184579474e-05	530.0173680694722	1908.5800687285223	4256.380329708003	5228.212810911842	[22, 124, 368]	3	3	1
472	CASGRRTDSYEQYF	TRBV19*01	TRBJ2-7*01	8.198458914036166e-10	22	3	0	0.0	198357	0.0	0.0	494	0.008016032064128256	0.008016032064128256	5.041364394859825e-06	1590.0521042084167	1602.8929292929292	971.8324812038392	[151, 204, 472]	['CASSRRTDSYEQYF', 'CASSRRTDSYEQYF', 'CASGRRTDSYEQYF']	[]	[]	[]	[]	([GS]RRTDSYEQ)	8	0	0.0	0.018036072144288578	5.041364394859825e-06	1590.0521042084167	3643.310204081633	2869.626484553174	3841.458965757013	[151, 204, 472]	3	3	1
190	CASSLWQGETQYF	TRBV12-1*01	TRBJ2-5*01	2.1548984187279022e-08	36	5	87	0.0016078635364309268	198357	0.00043860312466915713	8.105907714025352e-09	492	0.012024048096192385	0.012024048096192385	5.0494702208441815e-06	2381.249432179477	2410.2179851066107	1715.1317343916426	[188, 190, 191, 247, 415]	['CASSFWQGETQYF', 'CASSLWQGETQYF', 'CASSSFQGETQYF', 'CASSLWQGETQYF', 'CASSLWQGETQYF']	[13030, 13062, 13064, 13066, 13067, 13077, 13097, 13138, 13140, 13178, 13282, 13352, 13570, 13635, 13646, 13651, 13661, 13662, 13693, 13705, 13755, 13831, 13841, 13842, 13859, 13898, 13899, 13970, 14059, 14065, 14083, 14084, 14091, 14101, 14106, 14116, 14118, 14138, 14143, 14153, 14154, 14161, 14168, 14196, 14197, 14200, 14204, 14211, 14214, 14215, 14223, 14225, 14231, 14244, 14258, 14261, 14263, 14264, 14271, 14272, 14276, 14278, 14281, 14285, 14295, 14298, 14299, 14300, 14310, 14333, 14334, 14358, 14386, 14399, 14411, 14413, 14424, 14447, 14461, 14472, 14498, 14506, 14544, 14571, 14582, 14613, 14627]	['CASSIWGGADTQYF', 'CASSLEAGRTQYF', 'CASSLGAGDTQYF', 'CASSLGDTQYF', 'CASSLGEDTQYF', 'CASSLGQTDTQYF', 'CASSLPGGNTQYF', 'CASSLWEPADTQYF', 'CASSLWGQDTQYF', 'CASSPGQGVTQYF', 'CASSSGQGDTQYF', 'CASSTGQGDTQYF', 'CASRLGGETQYF', 'CASSALQGKETQYF', 'CASSAVQQETQYF', 'CASSCGRGETQYF', 'CASSCTQETQYF', 'CASSCYQSETQYF', 'CASSEVQETQYF', 'CASSFAGGETQYF', 'CASSFAQGAETQYF', 'CASSFEQGQETQYF', 'CASSFEWGETQYF', 'CASSFEWTGETQYF', 'CASSFGGETQYF', 'CASSFGQGETQYF', 'CASSFGQGKTQYF', 'CASSFPGGETQYF', 'CASSFVRGETQYF', 'CASSFVRQGETQYF', 'CASSFWRGLETQYF', 'CASSFWRGQETQYF', 'CASSGCQQETQYF', 'CASSGGETQYF', 'CASSGGQEETQYF', 'CASSGNQETQYF', 'CASSGPGGETQYF', 'CASSGRQEETQYF', 'CASSGSSGETQYF', 'CASSGVQETQYF', 'CASSGWGQETQYF', 'CASSHRQETQYF', 'CASSILDGETQYF', 'CASSLARKETQYF', 'CASSLDIGKTQYF', 'CASSLDTGKETQYF', 'CASSLEGEGETQYF', 'CASSLFCKETQYF', 'CASSLGFQETQYF', 'CASSLGGETQYF', 'CASSLGQRQETQYF', 'CASSLGRQETQYF', 'CASSLKAKETQYF', 'CASSLPAQETQYF', 'CASSLQGLETQYF', 'CASSLRATETQYF', 'CASSLREIETQYF', 'CASSLRGKETQYF', 'CASSLSEEETQYF', 'CASSLSGRETQYF', 'CASSLSRETQYF', 'CASSLSTGRETQYF', 'CASSLTGDETQYF', 'CASSLTRIETQYF', 'CASSLWTETQYF', 'CASSMTEGETQYF', 'CASSMTEQETQYF', 'CASSMTGETQYF', 'CASSNRGETQYF', 'CASSPGQGETQYF', 'CASSPGQGGETQYF', 'CASSPLWGETQYF', 'CASSPTGETQYF', 'CASSQGGETQYF', 'CASSQRGETQYF', 'CASSQSQAETQYF', 'CASSRGETQYF', 'CASSRQGETQYF', 'CASSRWRKETQYF', 'CASSSFPGETQYF', 'CASSSPGETQYF', 'CASSSPTGETQYF', 'CASSTGQETQYF', 'CASSVDLGETQYF', 'CASSVPQGYETQYF', 'CASSWTGGETQYF', 'CASSYQCQGETQYF']	['TRBV12-1*01', 'TRBV12-1*01', 'TRBV12-1*01', 'TRBV12-1*01', 'TRBV12-1*01', 'TRBV12-1*01', 'TRBV12-1*01', 'TRBV12-1*01', 'TRBV12-1*01', 'TRBV12-1*01', 'TRBV12-1*01', 'TRBV12-1*01', 'TRBV12-1*01', 'TRBV12-1*01', 'TRBV12-1*01', 'TRBV12-1*01', 'TRBV12-1*01', 'TRBV12-1*01', 'TRBV12-1*01', 'TRBV12-1*01', 'TRBV12-1*01', 'TRBV12-1*01', 'TRBV12-1*01', 'TRBV12-1*01', 'TRBV12-1*01', 'TRBV12-1*01', 'TRBV12-1*01', 'TRBV12-1*01', 'TRBV12-1*01', 'TRBV12-1*01', 'TRBV12-1*01', 'TRBV12-1*01', 'TRBV12-1*01', 'TRBV12-1*01', 'TRBV12-1*01', 'TRBV12-1*01', 'TRBV12-1*01', 'TRBV12-1*01', 'TRBV12-1*01', 'TRBV12-1*01', 'TRBV12-1*01', 'TRBV12-1*01', 'TRBV12-1*01', 'TRBV12-1*01', 'TRBV12-1*01', 'TRBV12-1*01', 'TRBV12-1*01', 'TRBV12-1*01', 'TRBV12-1*01', 'TRBV12-1*01', 'TRBV12-1*01', 'TRBV12-1*01', 'TRBV12-1*01', 'TRBV12-1*01', 'TRBV12-1*01', 'TRBV12-1*01', 'TRBV12-1*01', 'TRBV12-1*01', 'TRBV12-1*01', 'TRBV12-1*01', 'TRBV12-1*01', 'TRBV12-1*01', 'TRBV12-1*01', 'TRBV12-1*01', 'TRBV12-1*01', 'TRBV12-1*01', 'TRBV12-1*01', 'TRBV12-1*01', 'TRBV12-1*01', 'TRBV12-1*01', 'TRBV12-1*01', 'TRBV12-1*01', 'TRBV12-1*01', 'TRBV12-1*01', 'TRBV12-1*01', 'TRBV12-1*01', 'TRBV12-1*01', 'TRBV12-1*01', 'TRBV12-1*01', 'TRBV12-1*01', 'TRBV12-1*01', 'TRBV12-1*01', 'TRBV12-1*01', 'TRBV12-1*01', 'TRBV12-1*01', 'TRBV12-1*01', 'TRBV12-1*01']	['TRBJ2-3*01', 'TRBJ2-3*01', 'TRBJ2-3*01', 'TRBJ2-3*01', 'TRBJ2-3*01', 'TRBJ2-3*01', 'TRBJ2-3*01', 'TRBJ2-3*01', 'TRBJ2-3*01', 'TRBJ2-3*01', 'TRBJ2-3*01', 'TRBJ2-3*01', 'TRBJ2-5*01', 'TRBJ2-5*01', 'TRBJ2-5*01', 'TRBJ2-5*01', 'TRBJ2-5*01', 'TRBJ2-5*01', 'TRBJ2-5*01', 'TRBJ2-5*01', 'TRBJ2-5*01', 'TRBJ2-5*01', 'TRBJ2-5*01', 'TRBJ2-5*01', 'TRBJ2-5*01', 'TRBJ2-5*01', 'TRBJ2-5*01', 'TRBJ2-5*01', 'TRBJ2-5*01', 'TRBJ2-5*01', 'TRBJ2-5*01', 'TRBJ2-5*01', 'TRBJ2-5*01', 'TRBJ2-5*01', 'TRBJ2-5*01', 'TRBJ2-5*01', 'TRBJ2-5*01', 'TRBJ2-5*01', 'TRBJ2-5*01', 'TRBJ2-5*01', 'TRBJ2-5*01', 'TRBJ2-5*01', 'TRBJ2-5*01', 'TRBJ2-5*01', 'TRBJ2-5*01', 'TRBJ2-5*01', 'TRBJ2-5*01', 'TRBJ2-5*01', 'TRBJ2-5*01', 'TRBJ2-5*01', 'TRBJ2-5*01', 'TRBJ2-5*01', 'TRBJ2-5*01', 'TRBJ2-5*01', 'TRBJ2-5*01', 'TRBJ2-5*01', 'TRBJ2-5*01', 'TRBJ2-5*01', 'TRBJ2-5*01', 'TRBJ2-5*01', 'TRBJ2-5*01', 'TRBJ2-5*01', 'TRBJ2-5*01', 'TRBJ2-5*01', 'TRBJ2-5*01', 'TRBJ2-5*01', 'TRBJ2-5*01', 'TRBJ2-5*01', 'TRBJ2-5*01', 'TRBJ2-5*01', 'TRBJ2-5*01', 'TRBJ2-5*01', 'TRBJ2-5*01', 'TRBJ2-5*01', 'TRBJ2-5*01', 'TRBJ2-5*01', 'TRBJ2-5*01', 'TRBJ2-5*01', 'TRBJ2-5*01', 'TRBJ2-5*01', 'TRBJ2-5*01', 'TRBJ2-5*01', 'TRBJ2-5*01', 'TRBJ2-5*01', 'TRBJ2-5*01', 'TRBJ2-5*01', 'TRBJ2-5*01']	(S[LFS][FW]QGETQ)	6	0	0.0	0.014028056112224449	5.041364394859825e-06	2385.078156312625	2822.1666666666665	2097.013238599582	3812.1449729912247	[188, 190, 191, 247, 415]	5	3	1
286	CASSFRQNSYEQYF	TRBV28*01	TRBJ2-7*01	1.2237207543457006e-08	20	3	1	0.0823359650033165	198357	5.041415226082266e-06	4.1508978762189637e-07	494	0.008016032064128256	0.008016032064128256	5.456449997243969e-06	1469.0929208875957	1480.9562980260814	955.975504846916	[219, 253, 286]	['CASSLRQNSYEQYF', 'CASSFRSNSYEQYF', 'CASSFRQNSYEQYF']	[90823]	['CASSFRQVNSYEQYF']	['TRBV28*01']	['TRBJ2-7*01']	(S[LF]R[QS]NSYEQ)	7	0	0.0	0.01603206412825651	5.041364394859825e-06	1590.0521042084167	3231.9022403258655	2482.0693762880856	3438.0448811350016	[219, 253, 286]	3	3	1
265	CASSRSSNAYEQYF	TRBV28*01	TRBJ2-7*01	1.0254110385671337e-09	22	5	1	0.0823359650033165	198357	5.041415226082266e-06	4.1508978762189637e-07	492	0.012024048096192385	0.012024048096192385	5.456449997243969e-06	2203.6393813313935	2230.446351489585	1695.4571709994095	[265, 291, 382, 384, 387]	['CASSRSSNAYEQYF', 'CASSFSSNSYEQYF', 'CASSLSSNSYEQYF', 'CASSRDSNSYEQYF', 'CASSRTSNSYEQYF']	[98863]	['CASSRASAYEQYF']	['TRBV28*01']	['TRBJ2-7*01']	(S[RLF][DST]SN[AS]YEQ)	5	1	0.0823359650033165	0.012024048096192385	5.456449997243969e-06	2203.6393813313935	2230.446351489585	1695.4571709994095	3390.914341998819	[265, 291, 382, 384, 387]	5	3	1
474	CSALRQVQAYGYTF	TRBV20-1*01	TRBJ1-2*01	2.492814587866307e-12	36	4	0	0.0	198357	0.0	0.0	493	0.01002004008016032	0.01002004008016032	5.041364394859825e-06	1987.565130260521	2007.672064777328	1339.3978189821994	[281, 329, 473, 474]	['CSALGQVDNYGYTF', 'CSAQRQVDYYGYTF', 'CSALGQVDIYGYTF', 'CSALRQVQAYGYTF']	[]	[]	[]	[]	([QL][RG]QV[DQ][ANIY]YGY)	4	0	0.0	0.01002004008016032	5.041364394859825e-06	1987.565130260521	2007.672064777328	1339.3978189821994	2678.795637964399	[281, 329, 473, 474]	4	3	1
372	CASSLRSDEYTIYF	TRBV28*01	TRBJ1-3*01	7.948246925757697e-12	36	4	0	0.0	198357	0.0	0.0	493	0.01002004008016032	0.01002004008016032	5.041364394859825e-06	1987.565130260521	2007.672064777328	1339.3978189821994	[129, 220, 372, 378]	['CASSLRSDSYEQYF', 'CASSLRSDSYEQYF', 'CASSLRSDEYTIYF', 'CASSLRSDSYEQYF']	[]	[]	[]	[]	(SLRSD[ES]Y[ET][QI])	4	0	0.0	0.01002004008016032	5.041364394859825e-06	1987.565130260521	2007.672064777328	1339.3978189821994	2678.795637964399	[129, 220, 372, 378]	4	3	1
195	CASSMVEGTSKLFF	TRBV19*01	TRBJ1-4*01	7.204424999241747e-13	36	4	1	0.051923500046792845	198357	5.041415226082266e-06	2.617679237273847e-07	493	0.01002004008016032	0.01002004008016032	5.3031296792522285e-06	1889.4578647326616	1908.5718107319801	1327.8294223642483	[11, 195, 200, 250]	['CASSRVEGTSPLHF', 'CASSMVEGTSKLFF', 'CASSIVEGTGELFF', 'CASSIVEGTGELFF']	[32710]	['CASSRGEGSKLFF']	['TRBV19*01']	['TRBJ1-4*01']	(S[RIM]VEGT[GS][EKP]L)	4	0	0.0	0.01002004008016032	5.041364394859825e-06	1987.565130260521	2007.672064777328	1339.3978189821994	2667.227241346448	[11, 195, 200, 250]	4	3	1
188	CASSFWQGETQYF	TRBV12-1*01	TRBJ2-5*01	6.677573727395661e-09	36	6	119	0.002204649977188263	198357	0.0005999284119037896	1.1114555963178829e-08	491	0.014028056112224449	0.014028056112224449	5.05247883875795e-06	2776.47003775932	2815.958432605489	2096.4319439005253	[187, 188, 190, 191, 247, 415]	['CASSFGQGTDTQYF', 'CASSFWQGETQYF', 'CASSLWQGETQYF', 'CASSSFQGETQYF', 'CASSLWQGETQYF', 'CASSLWQGETQYF']	[10980, 12656, 12686, 12699, 12747, 12869, 12915, 12951, 13178, 13282, 13352, 13551, 13635, 13646, 13651, 13661, 13662, 13693, 13700, 13705, 13707, 13713, 13721, 13734, 13747, 13755, 13758, 13776, 13798, 13805, 13818, 13820, 13831, 13834, 13840, 13841, 13842, 13851, 13859, 13867, 13869, 13873, 13875, 13876, 13884, 13895, 13897, 13898, 13899, 13904, 13906, 13921, 13939, 13959, 13960, 13962, 13965, 13968, 13970, 13977, 13978, 13985, 13986, 13988, 13989, 13992, 14003, 14016, 14018, 14027, 14029, 14045, 14053, 14059, 14063, 14065, 14067, 14071, 14073, 14075, 14083, 14084, 14091, 14101, 14106, 14116, 14118, 14138, 14143, 14153, 14154, 14161, 14168, 14215, 14295, 14298, 14300, 14310, 14333, 14334, 14358, 14386, 14399, 14411, 14413, 14424, 14447, 14461, 14472, 14498, 14506, 14544, 14571, 14582, 14613, 14621, 14623, 14627, 15404]	['CASSFGQGAPQHF', 'CASSFAGGDTQYF', 'CASSFARGDTQYF', 'CASSFATGGTQYF', 'CASSFEGGDTQYF', 'CASSFPTGDTQYF', 'CASSFVEGGTQYF', 'CASSFWRPDTQYF', 'CASSPGQGVTQYF', 'CASSSGQGDTQYF', 'CASSTGQGDTQYF', 'CASRFGLGETQYF', 'CASSALQGKETQYF', 'CASSAVQQETQYF', 'CASSCGRGETQYF', 'CASSCTQETQYF', 'CASSCYQSETQYF', 'CASSEVQETQYF', 'CASSFADRETQYF', 'CASSFAGGETQYF', 'CASSFAGGTETQYF', 'CASSFAGTGETQYF', 'CASSFAIGTETQYF', 'CASSFALGQETQYF', 'CASSFAPETQYF', 'CASSFAQGAETQYF', 'CASSFAQPGWTQYF', 'CASSFATDETQYF', 'CASSFDMGGETQYF', 'CASSFDSGDETQYF', 'CASSFEGQETQYF', 'CASSFEGQQETQYF', 'CASSFEQGQETQYF', 'CASSFERGTTQYF', 'CASSFEWEETQYF', 'CASSFEWGETQYF', 'CASSFEWTGETQYF', 'CASSFGDRETQYF', 'CASSFGGETQYF', 'CASSFGGQETQYF', 'CASSFGGRETQYF', 'CASSFGGVETQYF', 'CASSFGHETQYF', 'CASSFGIETQYF', 'CASSFGLETQYF', 'CASSFGPQETQYF', 'CASSFGQGANETQYF', 'CASSFGQGETQYF', 'CASSFGQGKTQYF', 'CASSFGRKETQYF', 'CASSFGRRETQYF', 'CASSFGTGTETQYF', 'CASSFKEETQYF', 'CASSFNGAGETQYF', 'CASSFNGPGETQYF', 'CASSFNRGGETQYF', 'CASSFPAIETQYF', 'CASSFPEGVETQYF', 'CASSFPGGETQYF', 'CASSFPMETQYF', 'CASSFPPEETQYF', 'CASSFPRPGETQYF', 'CASSFQGEETQYF', 'CASSFQGRETQYF', 'CASSFQHQETQYF', 'CASSFRAQETQYF', 'CASSFSGAETQYF', 'CASSFTGDETQYF', 'CASSFTLETQYF', 'CASSFVEGEETQYF', 'CASSFVETQGETQYF', 'CASSFVLGPETQYF', 'CASSFVPSETQYF', 'CASSFVRGETQYF', 'CASSFVRGWETQYF', 'CASSFVRQGETQYF', 'CASSFVRVGETQYF', 'CASSFVSGTTQYF', 'CASSFVTETQYF', 'CASSFVTQETQYF', 'CASSFWRGLETQYF', 'CASSFWRGQETQYF', 'CASSGCQQETQYF', 'CASSGGETQYF', 'CASSGGQEETQYF', 'CASSGNQETQYF', 'CASSGPGGETQYF', 'CASSGRQEETQYF', 'CASSGSSGETQYF', 'CASSGVQETQYF', 'CASSGWGQETQYF', 'CASSHRQETQYF', 'CASSILDGETQYF', 'CASSLGGETQYF', 'CASSLWTETQYF', 'CASSMTEGETQYF', 'CASSMTGETQYF', 'CASSNRGETQYF', 'CASSPGQGETQYF', 'CASSPGQGGETQYF', 'CASSPLWGETQYF', 'CASSPTGETQYF', 'CASSQGGETQYF', 'CASSQRGETQYF', 'CASSQSQAETQYF', 'CASSRGETQYF', 'CASSRQGETQYF', 'CASSRWRKETQYF', 'CASSSFPGETQYF', 'CASSSPGETQYF', 'CASSSPTGETQYF', 'CASSTGQETQYF', 'CASSVDLGETQYF', 'CASSVPQGYETQYF', 'CASSWTGGETQYF', 'CASSYDRGQETQYF', 'CASSYHRGGETQYF', 'CASSYQCQGETQYF', 'CASSFQQGYEQYF']	['TRBV12-1*01', 'TRBV12-1*01', 'TRBV12-1*01', 'TRBV12-1*01', 'TRBV12-1*01', 'TRBV12-1*01', 'TRBV12-1*01', 'TRBV12-1*01', 'TRBV12-1*01', 'TRBV12-1*01', 'TRBV12-1*01', 'TRBV12-1*01', 'TRBV12-1*01', 'TRBV12-1*01', 'TRBV12-1*01', 'TRBV12-1*01', 'TRBV12-1*01', 'TRBV12-1*01', 'TRBV12-1*01', 'TRBV12-1*01', 'TRBV12-1*01', 'TRBV12-1*01', 'TRBV12-1*01', 'TRBV12-1*01', 'TRBV12-1*01', 'TRBV12-1*01', 'TRBV12-1*01', 'TRBV12-1*01', 'TRBV12-1*01', 'TRBV12-1*01', 'TRBV12-1*01', 'TRBV12-1*01', 'TRBV12-1*01', 'TRBV12-1*01', 'TRBV12-1*01', 'TRBV12-1*01', 'TRBV12-1*01', 'TRBV12-1*01', 'TRBV12-1*01', 'TRBV12-1*01', 'TRBV12-1*01', 'TRBV12-1*01', 'TRBV12-1*01', 'TRBV12-1*01', 'TRBV12-1*01', 'TRBV12-1*01', 'TRBV12-1*01', 'TRBV12-1*01', 'TRBV12-1*01', 'TRBV12-1*01', 'TRBV12-1*01', 'TRBV12-1*01', 'TRBV12-1*01', 'TRBV12-1*01', 'TRBV12-1*01', 'TRBV12-1*01', 'TRBV12-1*01', 'TRBV12-1*01', 'TRBV12-1*01', 'TRBV12-1*01', 'TRBV12-1*01', 'TRBV12-1*01', 'TRBV12-1*01', 'TRBV12-1*01', 'TRBV12-1*01', 'TRBV12-1*01', 'TRBV12-1*01', 'TRBV12-1*01', 'TRBV12-1*01', 'TRBV12-1*01', 'TRBV12-1*01', 'TRBV12-1*01', 'TRBV12-1*01', 'TRBV12-1*01', 'TRBV12-1*01', 'TRBV12-1*01', 'TRBV12-1*01', 'TRBV12-1*01', 'TRBV12-1*01', 'TRBV12-1*01', 'TRBV12-1*01', 'TRBV12-1*01', 'TRBV12-1*01', 'TRBV12-1*01', 'TRBV12-1*01', 'TRBV12-1*01', 'TRBV12-1*01', 'TRBV12-1*01', 'TRBV12-1*01', 'TRBV12-1*01', 'TRBV12-1*01', 'TRBV12-1*01', 'TRBV12-1*01', 'TRBV12-1*01', 'TRBV12-1*01', 'TRBV12-1*01', 'TRBV12-1*01', 'TRBV12-1*01', 'TRBV12-1*01', 'TRBV12-1*01', 'TRBV12-1*01', 'TRBV12-1*01', 'TRBV12-1*01', 'TRBV12-1*01', 'TRBV12-1*01', 'TRBV12-1*01', 'TRBV12-1*01', 'TRBV12-1*01', 'TRBV12-1*01', 'TRBV12-1*01', 'TRBV12-1*01', 'TRBV12-1*01', 'TRBV12-1*01', 'TRBV12-1*01', 'TRBV12-1*01', 'TRBV12-1*01', 'TRBV12-1*01', 'TRBV12-1*01', 'TRBV12-1*01']	['TRBJ1-5*01', 'TRBJ2-3*01', 'TRBJ2-3*01', 'TRBJ2-3*01', 'TRBJ2-3*01', 'TRBJ2-3*01', 'TRBJ2-3*01', 'TRBJ2-3*01', 'TRBJ2-3*01', 'TRBJ2-3*01', 'TRBJ2-3*01', 'TRBJ2-5*01', 'TRBJ2-5*01', 'TRBJ2-5*01', 'TRBJ2-5*01', 'TRBJ2-5*01', 'TRBJ2-5*01', 'TRBJ2-5*01', 'TRBJ2-5*01', 'TRBJ2-5*01', 'TRBJ2-5*01', 'TRBJ2-5*01', 'TRBJ2-5*01', 'TRBJ2-5*01', 'TRBJ2-5*01', 'TRBJ2-5*01', 'TRBJ2-5*01', 'TRBJ2-5*01', 'TRBJ2-5*01', 'TRBJ2-5*01', 'TRBJ2-5*01', 'TRBJ2-5*01', 'TRBJ2-5*01', 'TRBJ2-5*01', 'TRBJ2-5*01', 'TRBJ2-5*01', 'TRBJ2-5*01', 'TRBJ2-5*01', 'TRBJ2-5*01', 'TRBJ2-5*01', 'TRBJ2-5*01', 'TRBJ2-5*01', 'TRBJ2-5*01', 'TRBJ2-5*01', 'TRBJ2-5*01', 'TRBJ2-5*01', 'TRBJ2-5*01', 'TRBJ2-5*01', 'TRBJ2-5*01', 'TRBJ2-5*01', 'TRBJ2-5*01', 'TRBJ2-5*01', 'TRBJ2-5*01', 'TRBJ2-5*01', 'TRBJ2-5*01', 'TRBJ2-5*01', 'TRBJ2-5*01', 'TRBJ2-5*01', 'TRBJ2-5*01', 'TRBJ2-5*01', 'TRBJ2-5*01', 'TRBJ2-5*01', 'TRBJ2-5*01', 'TRBJ2-5*01', 'TRBJ2-5*01', 'TRBJ2-5*01', 'TRBJ2-5*01', 'TRBJ2-5*01', 'TRBJ2-5*01', 'TRBJ2-5*01', 'TRBJ2-5*01', 'TRBJ2-5*01', 'TRBJ2-5*01', 'TRBJ2-5*01', 'TRBJ2-5*01', 'TRBJ2-5*01', 'TRBJ2-5*01', 'TRBJ2-5*01', 'TRBJ2-5*01', 'TRBJ2-5*01', 'TRBJ2-5*01', 'TRBJ2-5*01', 'TRBJ2-5*01', 'TRBJ2-5*01', 'TRBJ2-5*01', 'TRBJ2-5*01', 'TRBJ2-5*01', 'TRBJ2-5*01', 'TRBJ2-5*01', 'TRBJ2-5*01', 'TRBJ2-5*01', 'TRBJ2-5*01', 'TRBJ2-5*01', 'TRBJ2-5*01', 'TRBJ2-5*01', 'TRBJ2-5*01', 'TRBJ2-5*01', 'TRBJ2-5*01', 'TRBJ2-5*01', 'TRBJ2-5*01', 'TRBJ2-5*01', 'TRBJ2-5*01', 'TRBJ2-5*01', 'TRBJ2-5*01', 'TRBJ2-5*01', 'TRBJ2-5*01', 'TRBJ2-5*01', 'TRBJ2-5*01', 'TRBJ2-5*01', 'TRBJ2-5*01', 'TRBJ2-5*01', 'TRBJ2-5*01', 'TRBJ2-5*01', 'TRBJ2-5*01', 'TRBJ2-5*01', 'TRBJ2-5*01', 'TRBJ2-5*01', 'TRBJ2-5*01', 'TRBJ2-7*01']	(S[LF][GW]?QG[DE]TQ)	5	18	13.898285616794798	0.012024048096192385	7.510768665296154e-05	186.77257598202587	162.02697551149967	567.3781421313595	2663.8100860318846	[187, 188, 190, 191, 247, 415]	6	3	1
488	CASSQEGGRQGSYEQYF	TRBV4-2*01	TRBJ2-7*01	5.591727216405428e-10	28	3	0	0.0	198357	0.0	0.0	494	0.008016032064128256	0.008016032064128256	5.041364394859825e-06	1590.0521042084167	1602.8929292929292	971.8324812038392	[83, 393, 488]	['CASSQEGGRSYEQYF', 'CASSQEGGRAGSYEQYF', 'CASSQEGGRQGSYEQYF']	[]	[]	[]	[]	(SQEGGR[AQ]?[G]?SYEQ)	3	0	0.0	0.008016032064128256	5.041364394859825e-06	1590.0521042084167	1602.8929292929292	971.8324812038392	1943.6649624076783	[83, 393, 488]	3	3	1
399	CASSYLDSQETQYF	TRBV6-5*01	TRBJ2-5*01	1.4483143459952333e-08	10	3	0	0.0	198357	0.0	0.0	494	0.008016032064128256	0.008016032064128256	5.041364394859825e-06	1590.0521042084167	1602.8929292929292	971.8324812038392	[110, 305, 399]	['CASSYLDSQETQYF', 'CASSYLDSQETQYF', 'CASSYLDSQETQYF']	[]	[]	[]	[]	(SYLDSQETQ)	3	0	0.0	0.008016032064128256	5.041364394859825e-06	1590.0521042084167	1602.8929292929292	971.8324812038392	1943.6649624076783	[110, 305, 399]	3	3	1
281	CSALGQVDNYGYTF	TRBV20-1*01	TRBJ1-2*01	1.5132160369182455e-10	28	3	0	0.0	198357	0.0	0.0	494	0.008016032064128256	0.008016032064128256	5.041364394859825e-06	1590.0521042084167	1602.8929292929292	971.8324812038392	[262, 281, 473]	['CSASLQVDNYGYTF', 'CSALGQVDNYGYTF', 'CSALGQVDIYGYTF']	[]	[]	[]	[]	(L[G]?QVD[NI]YGY)	3	0	0.0	0.008016032064128256	5.041364394859825e-06	1590.0521042084167	1602.8929292929292	971.8324812038392	1943.6649624076783	[262, 281, 473]	3	3	1
298	CASSRRDSSYEQYF	TRBV28*01	TRBJ2-7*01	2.1715061601412316e-07	10	3	1	0.0823359650033165	198357	5.041415226082266e-06	4.1508978762189637e-07	494	0.008016032064128256	0.008016032064128256	5.456449997243969e-06	1469.0929208875957	1480.9562980260814	955.975504846916	[62, 298, 385]	['CASSRRDSSYEQYF', 'CASSRRDSSYEQYF', 'CASSRRDSSYEQYF']	[99309]	['CASSRRDSTYEQYF']	['TRBV28*01']	['TRBJ2-7*01']	(SRRDSSYEQ)	3	2	1.0823359650033164	0.008016032064128256	1.0497814392103794e-05	763.5905689243015	769.752916956013	797.6579087524134	1753.6334135993293	[62, 298, 385]	3	3	1
141	CASSTGAYEQYF	TRBV19*01	TRBJ2-7*01	1.8474261557798565e-06	10	3	1	0.07967731841263939	198357	5.041415226082266e-06	4.016864462188851e-07	494	0.008016032064128256	0.008016032064128256	5.443046790983214e-06	1472.7104821893818	1484.6030921464676	956.4794986540339	[23, 141, 327]	['CASSTGAYEQYF', 'CASSTGAYEQYF', 'CASSTGAYEQYF']	[45192]	['CASSTGSYEQYF']	['TRBV19*01']	['TRBJ2-7*01']	(STGAYEQ)	3	6	2.247021277954866	0.008016032064128256	1.6369417460033906e-05	489.6956219547505	493.64467748569797	668.3459407247915	1624.8254393788254	[23, 141, 327]	3	3	1
187	CASSFGQGTDTQYF	TRBV12-1*01	TRBJ2-3*01	1.352644586349688e-07	36	4	152	0.003240174807083131	198357	0.0007662951143645044	1.6335066607597063e-08	493	0.01002004008016032	0.01002004008016032	5.0576992967653754e-06	1981.145871319116	2001.187833579431	1338.6700636421642	[3, 164, 187, 188]	['CASGRGGTDTQYF', 'CASSLGGTDTQYF', 'CASSFGQGTDTQYF', 'CASSFWQGETQYF']	[10980, 11464, 11610, 12475, 12530, 12564, 12582, 12585, 12596, 12614, 12621, 12626, 12637, 12653, 12654, 12656, 12662, 12678, 12681, 12686, 12687, 12693, 12702, 12713, 12719, 12720, 12722, 12730, 12747, 12748, 12755, 12767, 12771, 12781, 12782, 12783, 12785, 12786, 12787, 12793, 12797, 12798, 12800, 12804, 12808, 12810, 12812, 12817, 12820, 12823, 12825, 12826, 12830, 12834, 12836, 12839, 12846, 12852, 12863, 12869, 12886, 12895, 12899, 12900, 12901, 12902, 12906, 12930, 12932, 12933, 12945, 12946, 12967, 12971, 12972, 12991, 13004, 13012, 13018, 13020, 13021, 13027, 13038, 13046, 13055, 13063, 13064, 13065, 13070, 13075, 13077, 13078, 13080, 13110, 13113, 13145, 13155, 13174, 13176, 13178, 13184, 13224, 13226, 13227, 13228, 13230, 13231, 13232, 13234, 13235, 13236, 13247, 13250, 13256, 13266, 13278, 13281, 13282, 13283, 13289, 13317, 13327, 13331, 13346, 13352, 13362, 13395, 13707, 13711, 13721, 13755, 13818, 13831, 13867, 13868, 13869, 13873, 13897, 13898, 13899, 13920, 13921, 13968, 13969, 13986, 13988, 14027, 14333, 14334, 15235, 15288, 15423]	['CASSFGQGAPQHF', 'CASSFAGTDEQFF', 'CASSFGQNDEQFF', 'CASKWGQGTDTQYF', 'CASRGGRGTDTQYF', 'CASRSGQCTDTQYF', 'CASSAGRGFTDTQYF', 'CASSAGVTDTQYF', 'CASSCGTGTTDTQYF', 'CASSDGEFTDTQYF', 'CASSDRGTDTQYF', 'CASSEGAQTDTQYF', 'CASSEPRGTDTQYF', 'CASSFAGETDTQYF', 'CASSFAGFSTDTQYF', 'CASSFAGGDTQYF', 'CASSFAGQGSDTQYF', 'CASSFAPGATDTQYF', 'CASSFAQRDTDTQYF', 'CASSFARGDTQYF', 'CASSFARGSTDTQYF', 'CASSFARYTDTQYF', 'CASSFATGVDTQYF', 'CASSFCGHATDTQYF', 'CASSFDDRTDTQYF', 'CASSFDETTDTQYF', 'CASSFDGEWTDTQYF', 'CASSFDQACTDTQYF', 'CASSFEGGDTQYF', 'CASSFEGIDTQYF', 'CASSFEKGQGTDTQYF', 'CASSFERGDTDTQYF', 'CASSFETGADTQYF', 'CASSFGDDTQYF', 'CASSFGDIGGTDTQYF', 'CASSFGDRTDTQYF', 'CASSFGEREGTDTQYF', 'CASSFGGADTQYF', 'CASSFGGAGTDTQYF', 'CASSFGGQGSYTQYF', 'CASSFGGTTDTQYF', 'CASSFGGYSTDTQYF', 'CASSFGLPPDTQYF', 'CASSFGMKADTQYF', 'CASSFGPICTDTQYF', 'CASSFGPTGTDTQYF', 'CASSFGQGGSTDTQYF', 'CASSFGRGRLDTQYF', 'CASSFGRVYTDTQYF', 'CASSFGSRTGTDTQYF', 'CASSFGSTDTQYF', 'CASSFGTGEQGTDTQYF', 'CASSFGVGRTDTQYF', 'CASSFGWTADTQYF', 'CASSFGYRGTDTQYF', 'CASSFIHGPTDTQYF', 'CASSFKAGRGTDTQYF', 'CASSFLGTDTQYF', 'CASSFPGQVTDTQYF', 'CASSFPTGDTQYF', 'CASSFRPTDTQYF', 'CASSFRWSTDTQYF', 'CASSFSTGTDTQYF', 'CASSFTAGAGTDTQYF', 'CASSFTGAGSDTQYF', 'CASSFTGVCTDTQYF', 'CASSFTSTDTQYF', 'CASSFVPPTDTQYF', 'CASSFVPYTDTQYF', 'CASSFVQGKTDTQYF', 'CASSFVTDTQYF', 'CASSFVTEGTDTQYF', 'CASSGGDTDTQYF', 'CASSGGQGHIDTQYF', 'CASSGGTGTDTQYF', 'CASSGQSTDTQYF', 'CASSGTGTGTDTQYF', 'CASSHGGPGTDTQYF', 'CASSIAQGGTDTQYF', 'CASSIGEATDTQYF', 'CASSIGGTDTQYF', 'CASSIRGQGTDTQYF', 'CASSKGVPTDTQYF', 'CASSKTGQSTDTQYF', 'CASSLAGTDTQYF', 'CASSLGADTDTQYF', 'CASSLGAGDTQYF', 'CASSLGCTDTQYF', 'CASSLGGTDTQYF', 'CASSLGPTDTQYF', 'CASSLGQTDTQYF', 'CASSLGTDTQYF', 'CASSLGTYTDTQYF', 'CASSLRGGTDTQYF', 'CASSLRGTDTQYF', 'CASSNGTGTDTQYF', 'CASSNQRTDTQYF', 'CASSPGGADTQYF', 'CASSPGGGATDTQYF', 'CASSPGQGVTQYF', 'CASSPLGGTDTQYF', 'CASSREQGATDTQYF', 'CASSRGECTDTQYF', 'CASSRGFSTDTQYF', 'CASSRGGAGTDTQYF', 'CASSRGGGKTDTQYF', 'CASSRGLYTDTQYF', 'CASSRGQGPADTQYF', 'CASSRGTGTDTQYF', 'CASSRGWNTDTQYF', 'CASSRGWSTDTQYF', 'CASSRQRTDTQYF', 'CASSRRGGTDTQYF', 'CASSRRTGTDTQYF', 'CASSRTSGTDTQYF', 'CASSSDRGQGTDTQYF', 'CASSSGEGTDTQYF', 'CASSSGQGDTQYF', 'CASSSGQGGTDTQYF', 'CASSSGTGWTDTQYF', 'CASSSRGTDTQYF', 'CASSSSGGTDTQYF', 'CASSSSQQTDTQYF', 'CASSTGGCDTQYF', 'CASSTGQGDTQYF', 'CASSTVVGTDTQYF', 'CASSWGVGTDTQYF', 'CASSFAGGTETQYF', 'CASSFAGQGKETQYF', 'CASSFAIGTETQYF', 'CASSFAQGAETQYF', 'CASSFEGQETQYF', 'CASSFEQGQETQYF', 'CASSFGGQETQYF', 'CASSFGGQGFETQYF', 'CASSFGGRETQYF', 'CASSFGGVETQYF', 'CASSFGQGANETQYF', 'CASSFGQGETQYF', 'CASSFGQGKTQYF', 'CASSFGTGPKTQYF', 'CASSFGTGTETQYF', 'CASSFPEGVETQYF', 'CASSFPGEGQETQYF', 'CASSFQGEETQYF', 'CASSFQGRETQYF', 'CASSFVEGEETQYF', 'CASSPGQGETQYF', 'CASSPGQGGETQYF', 'CASSFGGGADEQYF', 'CASSFGQGVYEQYF', 'CASSFRQGTPEQYF']	['TRBV12-1*01', 'TRBV12-1*01', 'TRBV12-1*01', 'TRBV12-1*01', 'TRBV12-1*01', 'TRBV12-1*01', 'TRBV12-1*01', 'TRBV12-1*01', 'TRBV12-1*01', 'TRBV12-1*01', 'TRBV12-1*01', 'TRBV12-1*01', 'TRBV12-1*01', 'TRBV12-1*01', 'TRBV12-1*01', 'TRBV12-1*01', 'TRBV12-1*01', 'TRBV12-1*01', 'TRBV12-1*01', 'TRBV12-1*01', 'TRBV12-1*01', 'TRBV12-1*01', 'TRBV12-1*01', 'TRBV12-1*01', 'TRBV12-1*01', 'TRBV12-1*01', 'TRBV12-1*01', 'TRBV12-1*01', 'TRBV12-1*01', 'TRBV12-1*01', 'TRBV12-1*01', 'TRBV12-1*01', 'TRBV12-1*01', 'TRBV12-1*01', 'TRBV12-1*01', 'TRBV12-1*01', 'TRBV12-1*01', 'TRBV12-1*01', 'TRBV12-1*01', 'TRBV12-1*01', 'TRBV12-1*01', 'TRBV12-1*01', 'TRBV12-1*01', 'TRBV12-1*01', 'TRBV12-1*01', 'TRBV12-1*01', 'TRBV12-1*01', 'TRBV12-1*01', 'TRBV12-1*01', 'TRBV12-1*01', 'TRBV12-1*01', 'TRBV12-1*01', 'TRBV12-1*01', 'TRBV12-1*01', 'TRBV12-1*01', 'TRBV12-1*01', 'TRBV12-1*01', 'TRBV12-1*01', 'TRBV12-1*01', 'TRBV12-1*01', 'TRBV12-1*01', 'TRBV12-1*01', 'TRBV12-1*01', 'TRBV12-1*01', 'TRBV12-1*01', 'TRBV12-1*01', 'TRBV12-1*01', 'TRBV12-1*01', 'TRBV12-1*01', 'TRBV12-1*01', 'TRBV12-1*01', 'TRBV12-1*01', 'TRBV12-1*01', 'TRBV12-1*01', 'TRBV12-1*01', 'TRBV12-1*01', 'TRBV12-1*01', 'TRBV12-1*01', 'TRBV12-1*01', 'TRBV12-1*01', 'TRBV12-1*01', 'TRBV12-1*01', 'TRBV12-1*01', 'TRBV12-1*01', 'TRBV12-1*01', 'TRBV12-1*01', 'TRBV12-1*01', 'TRBV12-1*01', 'TRBV12-1*01', 'TRBV12-1*01', 'TRBV12-1*01', 'TRBV12-1*01', 'TRBV12-1*01', 'TRBV12-1*01', 'TRBV12-1*01', 'TRBV12-1*01', 'TRBV12-1*01', 'TRBV12-1*01', 'TRBV12-1*01', 'TRBV12-1*01', 'TRBV12-1*01', 'TRBV12-1*01', 'TRBV12-1*01', 'TRBV12-1*01', 'TRBV12-1*01', 'TRBV12-1*01', 'TRBV12-1*01', 'TRBV12-1*01', 'TRBV12-1*01', 'TRBV12-1*01', 'TRBV12-1*01', 'TRBV12-1*01', 'TRBV12-1*01', 'TRBV12-1*01', 'TRBV12-1*01', 'TRBV12-1*01', 'TRBV12-1*01', 'TRBV12-1*01', 'TRBV12-1*01', 'TRBV12-1*01', 'TRBV12-1*01', 'TRBV12-1*01', 'TRBV12-1*01', 'TRBV12-1*01', 'TRBV12-1*01', 'TRBV12-1*01', 'TRBV12-1*01', 'TRBV12-1*01', 'TRBV12-1*01', 'TRBV12-1*01', 'TRBV12-1*01', 'TRBV12-1*01', 'TRBV12-1*01', 'TRBV12-1*01', 'TRBV12-1*01', 'TRBV12-1*01', 'TRBV12-1*01', 'TRBV12-1*01', 'TRBV12-1*01', 'TRBV12-1*01', 'TRBV12-1*01', 'TRBV12-1*01', 'TRBV12-1*01', 'TRBV12-1*01', 'TRBV12-1*01', 'TRBV12-1*01', 'TRBV12-1*01', 'TRBV12-1*01', 'TRBV12-1*01', 'TRBV12-1*01', 'TRBV12-1*01', 'TRBV12-1*01']	['TRBJ1-5*01', 'TRBJ2-1*01', 'TRBJ2-1*01', 'TRBJ2-3*01', 'TRBJ2-3*01', 'TRBJ2-3*01', 'TRBJ2-3*01', 'TRBJ2-3*01', 'TRBJ2-3*01', 'TRBJ2-3*01', 'TRBJ2-3*01', 'TRBJ2-3*01', 'TRBJ2-3*01', 'TRBJ2-3*01', 'TRBJ2-3*01', 'TRBJ2-3*01', 'TRBJ2-3*01', 'TRBJ2-3*01', 'TRBJ2-3*01', 'TRBJ2-3*01', 'TRBJ2-3*01', 'TRBJ2-3*01', 'TRBJ2-3*01', 'TRBJ2-3*01', 'TRBJ2-3*01', 'TRBJ2-3*01', 'TRBJ2-3*01', 'TRBJ2-3*01', 'TRBJ2-3*01', 'TRBJ2-3*01', 'TRBJ2-3*01', 'TRBJ2-3*01', 'TRBJ2-3*01', 'TRBJ2-3*01', 'TRBJ2-3*01', 'TRBJ2-3*01', 'TRBJ2-3*01', 'TRBJ2-3*01', 'TRBJ2-3*01', 'TRBJ2-3*01', 'TRBJ2-3*01', 'TRBJ2-3*01', 'TRBJ2-3*01', 'TRBJ2-3*01', 'TRBJ2-3*01', 'TRBJ2-3*01', 'TRBJ2-3*01', 'TRBJ2-3*01', 'TRBJ2-3*01', 'TRBJ2-3*01', 'TRBJ2-3*01', 'TRBJ2-3*01', 'TRBJ2-3*01', 'TRBJ2-3*01', 'TRBJ2-3*01', 'TRBJ2-3*01', 'TRBJ2-3*01', 'TRBJ2-3*01', 'TRBJ2-3*01', 'TRBJ2-3*01', 'TRBJ2-3*01', 'TRBJ2-3*01', 'TRBJ2-3*01', 'TRBJ2-3*01', 'TRBJ2-3*01', 'TRBJ2-3*01', 'TRBJ2-3*01', 'TRBJ2-3*01', 'TRBJ2-3*01', 'TRBJ2-3*01', 'TRBJ2-3*01', 'TRBJ2-3*01', 'TRBJ2-3*01', 'TRBJ2-3*01', 'TRBJ2-3*01', 'TRBJ2-3*01', 'TRBJ2-3*01', 'TRBJ2-3*01', 'TRBJ2-3*01', 'TRBJ2-3*01', 'TRBJ2-3*01', 'TRBJ2-3*01', 'TRBJ2-3*01', 'TRBJ2-3*01', 'TRBJ2-3*01', 'TRBJ2-3*01', 'TRBJ2-3*01', 'TRBJ2-3*01', 'TRBJ2-3*01', 'TRBJ2-3*01', 'TRBJ2-3*01', 'TRBJ2-3*01', 'TRBJ2-3*01', 'TRBJ2-3*01', 'TRBJ2-3*01', 'TRBJ2-3*01', 'TRBJ2-3*01', 'TRBJ2-3*01', 'TRBJ2-3*01', 'TRBJ2-3*01', 'TRBJ2-3*01', 'TRBJ2-3*01', 'TRBJ2-3*01', 'TRBJ2-3*01', 'TRBJ2-3*01', 'TRBJ2-3*01', 'TRBJ2-3*01', 'TRBJ2-3*01', 'TRBJ2-3*01', 'TRBJ2-3*01', 'TRBJ2-3*01', 'TRBJ2-3*01', 'TRBJ2-3*01', 'TRBJ2-3*01', 'TRBJ2-3*01', 'TRBJ2-3*01', 'TRBJ2-3*01', 'TRBJ2-3*01', 'TRBJ2-3*01', 'TRBJ2-3*01', 'TRBJ2-3*01', 'TRBJ2-3*01', 'TRBJ2-3*01', 'TRBJ2-3*01', 'TRBJ2-3*01', 'TRBJ2-3*01', 'TRBJ2-3*01', 'TRBJ2-5*01', 'TRBJ2-5*01', 'TRBJ2-5*01', 'TRBJ2-5*01', 'TRBJ2-5*01', 'TRBJ2-5*01', 'TRBJ2-5*01', 'TRBJ2-5*01', 'TRBJ2-5*01', 'TRBJ2-5*01', 'TRBJ2-5*01', 'TRBJ2-5*01', 'TRBJ2-5*01', 'TRBJ2-5*01', 'TRBJ2-5*01', 'TRBJ2-5*01', 'TRBJ2-5*01', 'TRBJ2-5*01', 'TRBJ2-5*01', 'TRBJ2-5*01', 'TRBJ2-5*01', 'TRBJ2-5*01', 'TRBJ2-7*01', 'TRBJ2-7*01', 'TRBJ2-7*01']	([GS][RLF][GW][Q]?G[T]?[DE]TQ)	8	129	92.66840056805363	0.018036072144288578	0.00047221653954725336	21.219163754338688	38.8776589472388	264.4998982012512	1603.1699618434154	[3, 164, 187, 188]	4	3	1
185	CASSLTDAYNEQFF	TRBV12-1*01	TRBJ2-1*01	1.408688559577492e-08	36	4	30	0.0006546791972684019	198357	0.00015124245678246797	3.3005096733082367e-09	493	0.01002004008016032	0.01002004008016032	5.044664871254989e-06	1986.2647640392374	2006.3585369546142	1339.2507122369298	[185, 311, 403, 404]	['CASSLTDAYNEQFF', 'CASSFVDYNEQFF', 'CASSLTKSYNEQFF', 'CASSPTLYNEQFF']	[11512, 11571, 11572, 11647, 11709, 11717, 11795, 11841, 11845, 11852, 11860, 11863, 11880, 11882, 11902, 11903, 11904, 11910, 11911, 11914, 11922, 11970, 11981, 12008, 12046, 12117, 12122, 12143, 12192, 12214]	['CASSFCGAYNEQFF', 'CASSFGAYNEQFF', 'CASSFGDAYNEQFF', 'CASSFLAYNEQFF', 'CASSFTTGYNEQFF', 'CASSFVDSYNEQFF', 'CASSGTSADNEQFF', 'CASSLARAYNEQFF', 'CASSLDGYNEQFF', 'CASSLEYNEQFF', 'CASSLGGYNEQFF', 'CASSLGLYNEQFF', 'CASSLLINYNEQFF', 'CASSLLLYNEQFF', 'CASSLRQGAYNEQFF', 'CASSLRQLYNEQFF', 'CASSLRRGAYNEQFF', 'CASSLSSGYNEQFF', 'CASSLTGGYNEQFF', 'CASSLTLWDNEQFF', 'CASSLYAAYNEQFF', 'CASSPRDKYNEQFF', 'CASSPTGRYNEQFF', 'CASSQTTYNEQFF', 'CASSRQGAYNEQFF', 'CASSSTGSAYNEQFF', 'CASSSTVGYNEQFF', 'CASSTTEFFNEQFF', 'CASSWNRAYNEQFF', 'CASSYRVAYNEQFF']	['TRBV12-1*01', 'TRBV12-1*01', 'TRBV12-1*01', 'TRBV12-1*01', 'TRBV12-1*01', 'TRBV12-1*01', 'TRBV12-1*01', 'TRBV12-1*01', 'TRBV12-1*01', 'TRBV12-1*01', 'TRBV12-1*01', 'TRBV12-1*01', 'TRBV12-1*01', 'TRBV12-1*01', 'TRBV12-1*01', 'TRBV12-1*01', 'TRBV12-1*01', 'TRBV12-1*01', 'TRBV12-1*01', 'TRBV12-1*01', 'TRBV12-1*01', 'TRBV12-1*01', 'TRBV12-1*01', 'TRBV12-1*01', 'TRBV12-1*01', 'TRBV12-1*01', 'TRBV12-1*01', 'TRBV12-1*01', 'TRBV12-1*01', 'TRBV12-1*01']	['TRBJ2-1*01', 'TRBJ2-1*01', 'TRBJ2-1*01', 'TRBJ2-1*01', 'TRBJ2-1*01', 'TRBJ2-1*01', 'TRBJ2-1*01', 'TRBJ2-1*01', 'TRBJ2-1*01', 'TRBJ2-1*01', 'TRBJ2-1*01', 'TRBJ2-1*01', 'TRBJ2-1*01', 'TRBJ2-1*01', 'TRBJ2-1*01', 'TRBJ2-1*01', 'TRBJ2-1*01', 'TRBJ2-1*01', 'TRBJ2-1*01', 'TRBJ2-1*01', 'TRBJ2-1*01', 'TRBJ2-1*01', 'TRBJ2-1*01', 'TRBJ2-1*01', 'TRBJ2-1*01', 'TRBJ2-1*01', 'TRBJ2-1*01', 'TRBJ2-1*01', 'TRBJ2-1*01', 'TRBJ2-1*01']	(S[LFP][TV][DK]?[ALS]?YNEQ)	5	43	50.714767351502196	0.012024048096192385	0.0002607129868143225	38.43322192191563	46.66899246824154	198.5729465852109	1537.8236588221407	[185, 311, 403, 404]	4	3	1
164	CASSLGGTDTQYF	TRBV12-1*01	TRBJ2-3*01	2.521441196742324e-06	36	4	195	0.004095658067632101	198357	0.0009830759690860418	2.064791294298714e-08	493	0.01002004008016032	0.01002004008016032	5.062012099615506e-06	1979.457947348923	1999.4828253585272	1338.4780499846931	[3, 164, 187, 456]	['CASGRGGTDTQYF', 'CASSLGGTDTQYF', 'CASSFGQGTDTQYF', 'CASSLGGHWADTQYF']	[11464, 11840, 11860, 12026, 12070, 12457, 12458, 12475, 12494, 12496, 12505, 12516, 12518, 12530, 12532, 12558, 12563, 12576, 12579, 12585, 12601, 12608, 12614, 12621, 12626, 12636, 12637, 12653, 12656, 12747, 12748, 12781, 12783, 12786, 12787, 12797, 12798, 12810, 12825, 12834, 12836, 12852, 12886, 12899, 12906, 12945, 12965, 12967, 12968, 12972, 12975, 12981, 12987, 12991, 12996, 12998, 13012, 13015, 13018, 13020, 13021, 13022, 13030, 13038, 13051, 13054, 13055, 13056, 13063, 13064, 13065, 13066, 13067, 13070, 13071, 13073, 13075, 13077, 13078, 13080, 13085, 13088, 13091, 13095, 13097, 13102, 13105, 13106, 13108, 13110, 13111, 13112, 13113, 13118, 13120, 13124, 13125, 13129, 13133, 13135, 13140, 13145, 13154, 13155, 13157, 13158, 13167, 13168, 13174, 13175, 13176, 13180, 13184, 13191, 13193, 13196, 13203, 13206, 13213, 13222, 13226, 13227, 13228, 13229, 13230, 13231, 13234, 13235, 13236, 13242, 13247, 13250, 13252, 13253, 13256, 13262, 13266, 13281, 13282, 13283, 13284, 13300, 13304, 13317, 13327, 13337, 13346, 13350, 13352, 13356, 13362, 13364, 13382, 13386, 13394, 13395, 13398, 13406, 13416, 13435, 13570, 13622, 13707, 13859, 13867, 13869, 13873, 13921, 14171, 14214, 14215, 14216, 14225, 14258, 14261, 14264, 14272, 14281, 14295, 14300, 14326, 14399, 14401, 14402, 14425, 14427, 14475, 14528, 14600, 14711, 15672, 15697, 15717, 16140, 16178]	['CASSFAGTDEQFF', 'CASSLAGTYEQFF', 'CASSLGGYNEQFF', 'CASSRGGDEQFF', 'CASSSGGDEQFF', 'CASFLGDTQYF', 'CASGGGGADTQYF', 'CASKWGQGTDTQYF', 'CASPQGGPDTQYF', 'CASPRGYTDTQYF', 'CASRAGGQTDTQYF', 'CASRDSGTDTQYF', 'CASREGGVDTQYF', 'CASRGGRGTDTQYF', 'CASRGGTDTQYF', 'CASRLVTDTQYF', 'CASRRGTDTQYF', 'CASSAARGGTDTQYF', 'CASSAGAPDTQYF', 'CASSAGVTDTQYF', 'CASSCLTDTQYF', 'CASSCTDTQYF', 'CASSDGEFTDTQYF', 'CASSDRGTDTQYF', 'CASSEGAQTDTQYF', 'CASSEPGSTDTQYF', 'CASSEPRGTDTQYF', 'CASSFAGETDTQYF', 'CASSFAGGDTQYF', 'CASSFEGGDTQYF', 'CASSFEGIDTQYF', 'CASSFGDDTQYF', 'CASSFGDRTDTQYF', 'CASSFGGADTQYF', 'CASSFGGAGTDTQYF', 'CASSFGGTTDTQYF', 'CASSFGGYSTDTQYF', 'CASSFGPTGTDTQYF', 'CASSFGSTDTQYF', 'CASSFGWTADTQYF', 'CASSFGYRGTDTQYF', 'CASSFLGTDTQYF', 'CASSFRPTDTQYF', 'CASSFSTGTDTQYF', 'CASSFTSTDTQYF', 'CASSFVTDTQYF', 'CASSGEGYTDTQYF', 'CASSGGDTDTQYF', 'CASSGGEEDTQYF', 'CASSGGTGTDTQYF', 'CASSGLGATDTQYF', 'CASSGPGCTDTQYF', 'CASSGPVGGTDTQYF', 'CASSGQSTDTQYF', 'CASSGSGPDTQYF', 'CASSGTGADTQYF', 'CASSHGGPGTDTQYF', 'CASSHKGRTDTQYF', 'CASSIAQGGTDTQYF', 'CASSIGEATDTQYF', 'CASSIGGTDTQYF', 'CASSIGRSDTQYF', 'CASSIWGGADTQYF', 'CASSKGVPTDTQYF', 'CASSLADTQYF', 'CASSLAGGEDTQYF', 'CASSLAGTDTQYF', 'CASSLAGTSTDTQYF', 'CASSLGADTDTQYF', 'CASSLGAGDTQYF', 'CASSLGCTDTQYF', 'CASSLGDTQYF', 'CASSLGEDTQYF', 'CASSLGGTDTQYF', 'CASSLGGVPDTQYF', 'CASSLGNQDTQYF', 'CASSLGPTDTQYF', 'CASSLGQTDTQYF', 'CASSLGTDTQYF', 'CASSLGTYTDTQYF', 'CASSLKYTDTQYF', 'CASSLLRTNTQYF', 'CASSLLYDTQYF', 'CASSLPGASTDTQYF', 'CASSLPGGNTQYF', 'CASSLPPTGTQYF', 'CASSLQPGLTDTQYF', 'CASSLRAGRTDTQYF', 'CASSLRDTDTQYF', 'CASSLRGGTDTQYF', 'CASSLRGLGDTQYF', 'CASSLRGSYTQYF', 'CASSLRGTDTQYF', 'CASSLRTTDTQYF', 'CASSLRVETDTQYF', 'CASSLSTDTQYF', 'CASSLSTGRTDTQYF', 'CASSLTLGSTDTQYF', 'CASSLVGVTTDTQYF', 'CASSLVPPGTDTQYF', 'CASSLWGQDTQYF', 'CASSNGTGTDTQYF', 'CASSNQGYTDTQYF', 'CASSNQRTDTQYF', 'CASSNRRTDTQYF', 'CASSNSCTDTQYF', 'CASSPASTDTQYF', 'CASSPATDTQYF', 'CASSPGGADTQYF', 'CASSPGGECTDTQYF', 'CASSPGGGATDTQYF', 'CASSPGRSDTQYF', 'CASSPLGGTDTQYF', 'CASSPPSTDTQYF', 'CASSPRCTDTQYF', 'CASSPSGRDTQYF', 'CASSQEGITDTQYF', 'CASSQGDTQYF', 'CASSQRTDTQYF', 'CASSRDSTDTQYF', 'CASSRGECTDTQYF', 'CASSRGFSTDTQYF', 'CASSRGGAGTDTQYF', 'CASSRGGAITDTQYF', 'CASSRGGGKTDTQYF', 'CASSRGLYTDTQYF', 'CASSRGTGTDTQYF', 'CASSRGWNTDTQYF', 'CASSRGWSTDTQYF', 'CASSRPGRTDTQYF', 'CASSRQRTDTQYF', 'CASSRRGGTDTQYF', 'CASSRRGRTDTQYF', 'CASSRRGYTDTQYF', 'CASSRRTGTDTQYF', 'CASSRTGGDTQYF', 'CASSRTSGTDTQYF', 'CASSSGEGTDTQYF', 'CASSSGQGDTQYF', 'CASSSGQGGTDTQYF', 'CASSSGRDTQYF', 'CASSSLSTDTQYF', 'CASSSPGADTQYF', 'CASSSRGTDTQYF', 'CASSSSGGTDTQYF', 'CASSSTPTDTQYF', 'CASSTGGCDTQYF', 'CASSTGPDTQYF', 'CASSTGQGDTQYF', 'CASSTPGTEDTQYF', 'CASSTVVGTDTQYF', 'CASSVAGDTQYF', 'CASSVSGRTDTQYF', 'CASSWAGSTDTQYF', 'CASSWGGRATDTQYF', 'CASSWGVGTDTQYF', 'CASSWQTGGTDTQYF', 'CASSWSTDTQYF', 'CASSYNTDTQYF', 'CASVLGTDTQYF', 'CASRLGGETQYF', 'CASSAGGKETQYF', 'CASSFAGGTETQYF', 'CASSFGGETQYF', 'CASSFGGQETQYF', 'CASSFGGRETQYF', 'CASSFGGVETQYF', 'CASSFGTGTETQYF', 'CASSIRGRETQYF', 'CASSLGFQETQYF', 'CASSLGGETQYF', 'CASSLGGMPETQYF', 'CASSLGRQETQYF', 'CASSLQGLETQYF', 'CASSLRATETQYF', 'CASSLRGKETQYF', 'CASSLSGRETQYF', 'CASSLTGDETQYF', 'CASSLWTETQYF', 'CASSMTGETQYF', 'CASSPGGPRTQYF', 'CASSQGGETQYF', 'CASSQGGRETQYF', 'CASSQGGYETQYF', 'CASSRGGFTETQYF', 'CASSRGGPTTQYF', 'CASSSGGTSETQYF', 'CASSSSGTETQYF', 'CASSWGGVTETQYF', 'CASKLGGTYEQYF', 'CASSLGDTYEQYF', 'CASSLGTGEQYF', 'CASSLLGTWDEQYF', 'CASSTGGDEQYF', 'CASSVGGDEQYF']	['TRBV12-1*01', 'TRBV12-1*01', 'TRBV12-1*01', 'TRBV12-1*01', 'TRBV12-1*01', 'TRBV12-1*01', 'TRBV12-1*01', 'TRBV12-1*01', 'TRBV12-1*01', 'TRBV12-1*01', 'TRBV12-1*01', 'TRBV12-1*01', 'TRBV12-1*01', 'TRBV12-1*01', 'TRBV12-1*01', 'TRBV12-1*01', 'TRBV12-1*01', 'TRBV12-1*01', 'TRBV12-1*01', 'TRBV12-1*01', 'TRBV12-1*01', 'TRBV12-1*01', 'TRBV12-1*01', 'TRBV12-1*01', 'TRBV12-1*01', 'TRBV12-1*01', 'TRBV12-1*01', 'TRBV12-1*01', 'TRBV12-1*01', 'TRBV12-1*01', 'TRBV12-1*01', 'TRBV12-1*01', 'TRBV12-1*01', 'TRBV12-1*01', 'TRBV12-1*01', 'TRBV12-1*01', 'TRBV12-1*01', 'TRBV12-1*01', 'TRBV12-1*01', 'TRBV12-1*01', 'TRBV12-1*01', 'TRBV12-1*01', 'TRBV12-1*01', 'TRBV12-1*01', 'TRBV12-1*01', 'TRBV12-1*01', 'TRBV12-1*01', 'TRBV12-1*01', 'TRBV12-1*01', 'TRBV12-1*01', 'TRBV12-1*01', 'TRBV12-1*01', 'TRBV12-1*01', 'TRBV12-1*01', 'TRBV12-1*01', 'TRBV12-1*01', 'TRBV12-1*01', 'TRBV12-1*01', 'TRBV12-1*01', 'TRBV12-1*01', 'TRBV12-1*01', 'TRBV12-1*01', 'TRBV12-1*01', 'TRBV12-1*01', 'TRBV12-1*01', 'TRBV12-1*01', 'TRBV12-1*01', 'TRBV12-1*01', 'TRBV12-1*01', 'TRBV12-1*01', 'TRBV12-1*01', 'TRBV12-1*01', 'TRBV12-1*01', 'TRBV12-1*01', 'TRBV12-1*01', 'TRBV12-1*01', 'TRBV12-1*01', 'TRBV12-1*01', 'TRBV12-1*01', 'TRBV12-1*01', 'TRBV12-1*01', 'TRBV12-1*01', 'TRBV12-1*01', 'TRBV12-1*01', 'TRBV12-1*01', 'TRBV12-1*01', 'TRBV12-1*01', 'TRBV12-1*01', 'TRBV12-1*01', 'TRBV12-1*01', 'TRBV12-1*01', 'TRBV12-1*01', 'TRBV12-1*01', 'TRBV12-1*01', 'TRBV12-1*01', 'TRBV12-1*01', 'TRBV12-1*01', 'TRBV12-1*01', 'TRBV12-1*01', 'TRBV12-1*01', 'TRBV12-1*01', 'TRBV12-1*01', 'TRBV12-1*01', 'TRBV12-1*01', 'TRBV12-1*01', 'TRBV12-1*01', 'TRBV12-1*01', 'TRBV12-1*01', 'TRBV12-1*01', 'TRBV12-1*01', 'TRBV12-1*01', 'TRBV12-1*01', 'TRBV12-1*01', 'TRBV12-1*01', 'TRBV12-1*01', 'TRBV12-1*01', 'TRBV12-1*01', 'TRBV12-1*01', 'TRBV12-1*01', 'TRBV12-1*01', 'TRBV12-1*01', 'TRBV12-1*01', 'TRBV12-1*01', 'TRBV12-1*01', 'TRBV12-1*01', 'TRBV12-1*01', 'TRBV12-1*01', 'TRBV12-1*01', 'TRBV12-1*01', 'TRBV12-1*01', 'TRBV12-1*01', 'TRBV12-1*01', 'TRBV12-1*01', 'TRBV12-1*01', 'TRBV12-1*01', 'TRBV12-1*01', 'TRBV12-1*01', 'TRBV12-1*01', 'TRBV12-1*01', 'TRBV12-1*01', 'TRBV12-1*01', 'TRBV12-1*01', 'TRBV12-1*01', 'TRBV12-1*01', 'TRBV12-1*01', 'TRBV12-1*01', 'TRBV12-1*01', 'TRBV12-1*01', 'TRBV12-1*01', 'TRBV12-1*01', 'TRBV12-1*01', 'TRBV12-1*01', 'TRBV12-1*01', 'TRBV12-1*01', 'TRBV12-1*01', 'TRBV12-1*01', 'TRBV12-1*01', 'TRBV12-1*01', 'TRBV12-1*01', 'TRBV12-1*01', 'TRBV12-1*01', 'TRBV12-1*01', 'TRBV12-1*01', 'TRBV12-1*01', 'TRBV12-1*01', 'TRBV12-1*01', 'TRBV12-1*01', 'TRBV12-1*01', 'TRBV12-1*01', 'TRBV12-1*01', 'TRBV12-1*01', 'TRBV12-1*01', 'TRBV12-1*01', 'TRBV12-1*01', 'TRBV12-1*01', 'TRBV12-1*01', 'TRBV12-1*01', 'TRBV12-1*01', 'TRBV12-1*01', 'TRBV12-1*01', 'TRBV12-1*01', 'TRBV12-1*01', 'TRBV12-1*01', 'TRBV12-1*01', 'TRBV12-1*01', 'TRBV12-1*01', 'TRBV12-1*01', 'TRBV12-1*01', 'TRBV12-1*01', 'TRBV12-1*01', 'TRBV12-1*01', 'TRBV12-1*01', 'TRBV12-1*01', 'TRBV12-1*01', 'TRBV12-1*01']	['TRBJ2-1*01', 'TRBJ2-1*01', 'TRBJ2-1*01', 'TRBJ2-1*01', 'TRBJ2-1*01', 'TRBJ2-3*01', 'TRBJ2-3*01', 'TRBJ2-3*01', 'TRBJ2-3*01', 'TRBJ2-3*01', 'TRBJ2-3*01', 'TRBJ2-3*01', 'TRBJ2-3*01', 'TRBJ2-3*01', 'TRBJ2-3*01', 'TRBJ2-3*01', 'TRBJ2-3*01', 'TRBJ2-3*01', 'TRBJ2-3*01', 'TRBJ2-3*01', 'TRBJ2-3*01', 'TRBJ2-3*01', 'TRBJ2-3*01', 'TRBJ2-3*01', 'TRBJ2-3*01', 'TRBJ2-3*01', 'TRBJ2-3*01', 'TRBJ2-3*01', 'TRBJ2-3*01', 'TRBJ2-3*01', 'TRBJ2-3*01', 'TRBJ2-3*01', 'TRBJ2-3*01', 'TRBJ2-3*01', 'TRBJ2-3*01', 'TRBJ2-3*01', 'TRBJ2-3*01', 'TRBJ2-3*01', 'TRBJ2-3*01', 'TRBJ2-3*01', 'TRBJ2-3*01', 'TRBJ2-3*01', 'TRBJ2-3*01', 'TRBJ2-3*01', 'TRBJ2-3*01', 'TRBJ2-3*01', 'TRBJ2-3*01', 'TRBJ2-3*01', 'TRBJ2-3*01', 'TRBJ2-3*01', 'TRBJ2-3*01', 'TRBJ2-3*01', 'TRBJ2-3*01', 'TRBJ2-3*01', 'TRBJ2-3*01', 'TRBJ2-3*01', 'TRBJ2-3*01', 'TRBJ2-3*01', 'TRBJ2-3*01', 'TRBJ2-3*01', 'TRBJ2-3*01', 'TRBJ2-3*01', 'TRBJ2-3*01', 'TRBJ2-3*01', 'TRBJ2-3*01', 'TRBJ2-3*01', 'TRBJ2-3*01', 'TRBJ2-3*01', 'TRBJ2-3*01', 'TRBJ2-3*01', 'TRBJ2-3*01', 'TRBJ2-3*01', 'TRBJ2-3*01', 'TRBJ2-3*01', 'TRBJ2-3*01', 'TRBJ2-3*01', 'TRBJ2-3*01', 'TRBJ2-3*01', 'TRBJ2-3*01', 'TRBJ2-3*01', 'TRBJ2-3*01', 'TRBJ2-3*01', 'TRBJ2-3*01', 'TRBJ2-3*01', 'TRBJ2-3*01', 'TRBJ2-3*01', 'TRBJ2-3*01', 'TRBJ2-3*01', 'TRBJ2-3*01', 'TRBJ2-3*01', 'TRBJ2-3*01', 'TRBJ2-3*01', 'TRBJ2-3*01', 'TRBJ2-3*01', 'TRBJ2-3*01', 'TRBJ2-3*01', 'TRBJ2-3*01', 'TRBJ2-3*01', 'TRBJ2-3*01', 'TRBJ2-3*01', 'TRBJ2-3*01', 'TRBJ2-3*01', 'TRBJ2-3*01', 'TRBJ2-3*01', 'TRBJ2-3*01', 'TRBJ2-3*01', 'TRBJ2-3*01', 'TRBJ2-3*01', 'TRBJ2-3*01', 'TRBJ2-3*01', 'TRBJ2-3*01', 'TRBJ2-3*01', 'TRBJ2-3*01', 'TRBJ2-3*01', 'TRBJ2-3*01', 'TRBJ2-3*01', 'TRBJ2-3*01', 'TRBJ2-3*01', 'TRBJ2-3*01', 'TRBJ2-3*01', 'TRBJ2-3*01', 'TRBJ2-3*01', 'TRBJ2-3*01', 'TRBJ2-3*01', 'TRBJ2-3*01', 'TRBJ2-3*01', 'TRBJ2-3*01', 'TRBJ2-3*01', 'TRBJ2-3*01', 'TRBJ2-3*01', 'TRBJ2-3*01', 'TRBJ2-3*01', 'TRBJ2-3*01', 'TRBJ2-3*01', 'TRBJ2-3*01', 'TRBJ2-3*01', 'TRBJ2-3*01', 'TRBJ2-3*01', 'TRBJ2-3*01', 'TRBJ2-3*01', 'TRBJ2-3*01', 'TRBJ2-3*01', 'TRBJ2-3*01', 'TRBJ2-3*01', 'TRBJ2-3*01', 'TRBJ2-3*01', 'TRBJ2-3*01', 'TRBJ2-3*01', 'TRBJ2-3*01', 'TRBJ2-3*01', 'TRBJ2-3*01', 'TRBJ2-3*01', 'TRBJ2-3*01', 'TRBJ2-3*01', 'TRBJ2-3*01', 'TRBJ2-3*01', 'TRBJ2-3*01', 'TRBJ2-3*01', 'TRBJ2-3*01', 'TRBJ2-3*01', 'TRBJ2-5*01', 'TRBJ2-5*01', 'TRBJ2-5*01', 'TRBJ2-5*01', 'TRBJ2-5*01', 'TRBJ2-5*01', 'TRBJ2-5*01', 'TRBJ2-5*01', 'TRBJ2-5*01', 'TRBJ2-5*01', 'TRBJ2-5*01', 'TRBJ2-5*01', 'TRBJ2-5*01', 'TRBJ2-5*01', 'TRBJ2-5*01', 'TRBJ2-5*01', 'TRBJ2-5*01', 'TRBJ2-5*01', 'TRBJ2-5*01', 'TRBJ2-5*01', 'TRBJ2-5*01', 'TRBJ2-5*01', 'TRBJ2-5*01', 'TRBJ2-5*01', 'TRBJ2-5*01', 'TRBJ2-5*01', 'TRBJ2-5*01', 'TRBJ2-5*01', 'TRBJ2-5*01', 'TRBJ2-7*01', 'TRBJ2-7*01', 'TRBJ2-7*01', 'TRBJ2-7*01', 'TRBJ2-7*01', 'TRBJ2-7*01']	([GS][RLF]GG[AT]DTQ)	2	59	44.00396293195911	0.006012024048096192	0.00022688137635277003	44.164224676513356	26.65275981481472	47.135519285343904	1385.613569270037	[3, 164, 187, 456]	4	4	1
